distance_km,package_weight_kg,num_stops,traffic_index,warehouse_processing_hrs,fuel_price_index,is_peak_season,carrier_type,weather_condition,delivery_time_hours
191.75160733260225,24.12098692658558,1,2.729597077784193,0.14777288165843747,97.03947942312733,0,Road,Clear,17.555166459159583
245.36757611568612,9.399117080506485,3,2.5105881787246433,0.10793237806704102,120.68109056328609,1,Air,Clear,12.686900571775363
172.8554568251843,18.01536233451708,3,0.5782161191660804,2.8118356584675137,81.15903266873539,0,Road,Clear,10.172013413412799
158.3594686050464,13.185839598535752,2,0.642465219998667,1.1015743246914595,92.46980679261291,0,Rail,Clear,9.596209516172367
262.5553326783876,9.108888801918754,3,2.4571921186917365,0.8702065753573933,100.43209652800081,0,Rail,Rain,18.574540470443573
166.55725349446854,45.94732700561364,2,0.5170082189242526,0.7539937685040985,92.36288264103919,0,Rail,Clear,11.648489770069695
210.3167242051204,8.282003035290833,3,1.6724972842703705,0.9392864995712915,105.8881800731675,0,Road,Rain,19.64942479486616
198.91782752545492,14.039281910414564,7,0.7682431357357701,1.1659101174406672,99.32217474266902,0,Rail,Rain,14.742106705139816
262.4261739606722,13.154086112441432,3,1.9790805675463956,0.754120013064806,103.07181883156414,0,Road,Clear,19.958559732795088
142.56214630227763,15.221583929697657,5,2.995851044711018,0.5445794806860422,101.41393762333941,0,Road,Rain,17.450038717242194
312.1627757000043,43.71994847486125,3,0.9300537888537039,2.11466861381003,98.7634552852322,0,Air,Clear,11.855264831507556
121.59497220754875,20.273896177712498,3,2.8917096183984885,0.21852437654339402,84.51011517731814,0,Road,Clear,13.860732577214568
218.02775257423818,9.03645931885515,4,2.6636963598398626,1.8116886863451869,102.11310915032368,0,Road,Storm,23.210489689935574
203.94201354274946,35.00144288967961,3,2.9646374203594528,0.9904524813364699,78.83909396927115,1,Road,Clear,19.63200725050203
114.87561275790614,22.79523160014962,2,2.4154715840062964,2.16174403266297,91.93646822044188,0,Road,Rain,17.778788851395046
228.26007871339567,9.183727379592995,4,2.6424856286328127,1.2595767673589524,105.87046343227186,0,Rail,Rain,14.548477075807593
149.0931419728285,31.47385258144226,3,1.9864940989383146,0.31444712511714856,114.27625042850116,1,Road,Rain,17.99289913764229
92.05036889103042,3.8384595372597783,4,2.668210202936281,2.141034958126271,128.19299350338204,0,Road,Clear,13.971182729472764
244.43102098188444,4.9602384586983295,0,0.7787806396985315,1.5414658335459834,94.86095225915132,0,Rail,Clear,13.042303717195551
70.49453499904584,2.6440114991255466,4,2.354135760921064,1.3917349281323217,89.6185044373587,1,Air,Clear,9.850101159318427
103.25058274149302,1.472744805037688,6,2.0718089675028937,7.187390268775444,106.26740261032226,0,Rail,Clear,13.00332579803301
171.70730127358937,29.970923403889447,3,0.6496162068446618,0.8176532406246718,122.4396257779438,0,Road,Rain,14.843076978225927
261.47052772993425,15.364720902752438,2,1.228975928371628,0.10487258046271429,118.39293751313089,0,Road,Clear,18.817437309738064
236.163985001037,2.929013238178456,0,1.0402670009312995,1.000554807506212,87.57904953709742,1,Rail,Clear,14.693765884754434
190.03248839469964,12.89202454838281,2,1.5129386269971261,2.782715835804085,98.31388975045239,0,Air,Storm,14.871137111700397
55.48415411775896,24.992959179239957,2,0.9958833538093286,0.5845272480630302,110.20440739774509,0,Road,Clear,7.013147318972868
118.19646745775412,7.074434246477037,3,1.1870741103799627,1.2622715636461672,111.03653382923633,0,Road,Rain,12.949316289812165
134.5273953774929,10.282269037071837,3,1.2400753381071152,0.5189823037012045,107.10234308614852,0,Road,Clear,13.46898974958012
89.27620421655364,47.37931903097563,1,1.9995272378113262,3.575701263926126,94.61501699189054,0,Road,Clear,12.142800631905356
45.26845657153825,11.053497206513994,7,0.8371844001753416,1.5300045113034364,106.99558261488794,0,Road,Clear,10.694359226020257
176.48211640361652,3.2009569695359747,2,1.10275308680527,3.356809755214352,111.15220965852392,0,Road,Clear,12.211163557684007
240.29213725522285,8.581815356717069,2,1.292870152450247,6.746694272674542,88.81575909219359,0,Road,Rain,20.295091554443246
128.2065338114383,2.709604616534682,2,1.6226698456901818,2.819267218544767,115.96283078932663,0,Road,Clear,13.67367397446234
259.6460424065669,21.46644241395707,4,0.5952215820749578,2.500051253413447,111.90351416757603,0,Road,Clear,20.59744214300514
64.73118288816765,6.212958970880529,1,2.998028630181903,1.8688492950315958,91.09646200561974,0,Road,Rain,12.994617638772434
85.76252368559739,6.034267577876474,3,1.2509800063800638,2.5778003931741846,111.09891794031337,0,Air,Clear,6.739417821750606
174.36444858329475,50.23273172693844,2,1.2183621518390315,0.6825965229585309,109.7573638658134,0,Road,Clear,16.26521501778623
121.68272278307114,4.444842174592289,2,1.8871764664779689,0.5397181410321393,110.21383183328443,0,Rail,Clear,10.274609259382078
229.45553266070934,3.6780467280091496,4,2.6350804483052905,2.4362595039831993,118.91167665328817,1,Rail,Storm,23.76543532428746
209.057213999066,5.2121545173275186,3,1.6420234201519932,3.8950350407431324,99.87445865116193,0,Rail,Rain,16.08677639288708
126.99917470230504,25.54019259640263,2,1.1220980020993647,1.4939363502749199,103.9782557898749,0,Rail,Clear,10.42121169329385
69.10563426368714,19.497035336905295,5,1.9146887579883858,0.8132423956977114,70.0,1,Rail,Clear,11.584806431673654
118.2741755263738,8.487648545286985,6,1.7073563750643244,0.5011132956154122,113.38987235889252,0,Road,Storm,19.51944603029637
211.87690744891,7.8399046747290635,4,1.5576870675557395,1.2284007464722695,112.23503701108226,0,Road,Rain,19.38788151009448
234.44979419180197,18.430858560188433,4,2.959707376960558,2.0221927022071213,116.27241165741671,0,Air,Clear,16.35046086775303
122.00581930063281,15.806992603016305,0,2.9898756611714123,1.3251726379632347,88.75983511396565,1,Road,Clear,14.86874383958063
45.0801906690165,11.635979504600893,3,1.9048595711439846,1.0887399769834663,111.54454462954139,0,Rail,Clear,6.232551968349325
62.24401744475608,19.985038658545648,0,0.6700098176795273,0.7976245784326936,112.22499155725546,0,Road,Clear,6.336389586958662
202.4530489359412,4.882465282499212,6,1.9172939512072327,2.386728028489965,92.18900064712517,0,Road,Clear,21.55960792436438
125.7343330871327,6.309916763186312,4,2.881180370957213,0.6801358932958927,112.67157312356866,0,Road,Clear,14.198936807346115
127.57034810572092,20.74207591498697,3,2.8142313267367136,1.7635540941082537,105.55648853239562,0,Rail,Clear,15.221563738822873
84.84994741663333,16.776127619666486,4,1.0387521235783066,1.9122569554000302,79.62385871525159,1,Road,Rain,12.320038019395847
83.8012460841256,13.601261618229538,4,0.9752987050757109,3.111233734882732,107.01376984563882,1,Road,Clear,11.903001209044174
257.26285778559753,49.060982547542224,5,0.8806396375289247,0.2408888594198961,90.79351763886002,0,Road,Rain,18.623114566292973
206.45069738175346,23.195977655224915,2,2.549460873530869,1.2892136428113001,79.88881702466131,1,Rail,Clear,20.380387033174614
108.56028995940396,8.70593175680643,4,1.7251376424736837,2.624901237759035,104.39863930679971,1,Air,Storm,16.998523345605275
167.17178356152024,6.821311049645892,2,1.3451164266481141,4.474443137489661,99.21603156283047,1,Road,Clear,14.56835660464578
183.89742601521374,17.369597100453763,6,1.312017922099251,3.297768541859838,116.84576285237088,1,Road,Clear,19.97677490027755
373.8481130548906,29.907102793193694,4,1.1885331073859695,0.6620634296629988,102.18062945248586,1,Rail,Clear,19.403489179597667
79.21005047849147,2.2616366569415765,2,2.7065494352860204,0.5802937792841962,109.34223192084423,0,Road,Clear,10.325788650961796
182.53764509002232,16.453596923328757,4,1.524199731867763,1.1423636019097503,106.1057123926018,0,Road,Clear,15.972604713629593
256.56464033751655,10.142778266658327,1,1.1100443391047023,0.46818606061712853,112.25148825631354,0,Rail,Rain,16.54855595262799
350.46281216615057,15.361024024801106,1,2.276012015163196,0.2123419213973798,89.36311185951706,0,Air,Clear,14.18171340382453
105.1467302995083,3.4076128939524275,1,2.0886363922294957,0.7116368531293165,102.3824395613522,1,Road,Rain,14.903157081723355
124.76502418391395,29.892371742905933,0,2.2884138864852384,0.6705206109376747,98.31116916313363,1,Road,Clear,15.077375203907977
230.64884924412758,35.51459341613348,2,2.5548902863246625,1.9235136991381188,107.84420060606524,1,Road,Clear,23.216233842168556
54.82660865641839,21.713409269540048,2,0.7530842864222984,2.6518524403562775,103.06975692116997,1,Air,Clear,6.685159462181244
192.72571146995574,40.40099243574293,4,0.5049718536253618,0.811772980283791,92.63154560817001,0,Rail,Clear,14.289629326950967
446.21088258453926,9.732215272944153,1,0.6264156028903853,0.724131007529015,95.94479752097781,0,Road,Clear,23.054454567645074
204.13521811633976,16.16510526918022,0,2.26698314787203,4.550486682823658,119.7820325024668,0,Air,Clear,12.601570107557404
28.82697992263775,21.94358682164897,2,2.8362413506242836,2.5843179152796165,79.6677865814646,0,Road,Clear,10.24154464348385
92.83472349923548,17.538907867528543,2,1.3277634550409172,1.7692893374578305,108.512376482384,1,Rail,Clear,9.996274634041729
107.20817838367357,10.784631573690858,1,2.4529854159861086,1.0444898961756526,114.89735556079619,0,Rail,Clear,11.77326944317929
288.81893702546205,11.736520829431303,3,2.3229612771716734,2.5436648309523795,106.94604583002864,0,Rail,Clear,18.972436674214016
144.95489149491152,33.363702628673224,2,2.9451539482147995,0.5185954242458084,123.65209901557594,0,Rail,Clear,13.441361907153338
45.615039168924675,13.073797700663821,4,1.6769827037242546,2.625606417247901,111.26218776490266,0,Road,Clear,9.993956377303226
154.7880472894983,28.739639067069987,3,0.9151824182172348,1.992522296545503,104.60948456485237,1,Road,Rain,18.64274994114718
173.1066819013148,12.549432975319869,5,2.413078501469356,2.273178021014597,94.39924529898533,1,Road,Clear,22.568759301929298
115.89575846489385,28.62143621477445,3,2.5470471600535984,1.5207342472381735,104.83200936617122,0,Air,Storm,15.973671806504617
82.84393552861968,14.177642935659133,2,2.268250189262288,0.38146117043757044,108.18018304225713,1,Road,Clear,13.408031993656971
472.27642600742564,20.662398679607104,4,2.6579541831994478,0.5328420188189383,100.04200509232334,0,Road,Storm,31.233182893202144
257.01833486066374,7.588716783785902,0,1.4279564582997613,2.071735968133169,91.08608068906518,0,Road,Clear,18.29481858535992
269.73186200077737,16.1389368434601,0,2.2257875080588723,1.9188829901445705,85.54932800792265,0,Road,Clear,20.445965813158125
145.13816177059684,7.686620585602459,2,1.159621597907655,0.8877469583977815,102.22488262457168,1,Road,Clear,15.071496426669091
104.03707245893196,9.53573377137596,3,1.616100364849594,0.872359430911102,82.23620550662115,1,Road,Storm,15.25538443029498
119.43293354974637,10.185122691546319,2,1.1062304228890456,3.132382412825451,94.34148772650981,0,Road,Clear,13.238861911805765
64.61060008603789,11.57718091866642,3,0.8863341816203627,1.3733452144203833,70.81911434947766,0,Road,Rain,11.896077362741773
369.9475699675407,26.379075172407347,6,0.5898831200049719,0.6782485220620584,109.99622235545496,1,Road,Clear,23.268152919473593
148.65509416684318,9.234194043975469,2,2.178560645480835,3.4827345895672646,113.84856051005426,1,Air,Clear,14.192321483213917
325.1056639740816,14.923016874713339,1,2.688182720693541,3.264572138199103,100.94737672314928,0,Road,Rain,24.03268117946425
123.02031493451014,28.68443066337069,1,1.286048585778171,1.3713949336628435,121.97750838231758,0,Road,Clear,11.225316713828871
205.79328092810692,20.355395391413794,4,1.573088458619318,1.5962178024261635,116.16864102659527,0,Air,Clear,9.367692503104811
178.6331040670683,2.3175749855113077,1,0.5088673707564337,2.590622137723091,105.75742858176652,1,Road,Rain,15.467635519197664
59.900432696740516,3.310358443176923,7,1.5321369313286222,2.178995898118303,98.6414276690534,0,Road,Clear,10.595876631557573
395.27339871563004,17.779949123678872,1,1.203305287705211,0.3676397936193816,95.80722257340102,0,Road,Clear,23.334218701450425
125.31554785655585,8.84988334640467,3,1.9355000753115033,3.5610222550484596,106.74989289231986,1,Road,Clear,17.728079708425874
74.19683184851999,2.838653306945267,3,2.771292957127655,0.29618157100274234,98.30527790926855,0,Road,Rain,14.293822759940136
231.6726074722331,8.316391700282207,2,1.7653814228037814,1.9053496614846126,106.5787624198894,0,Air,Clear,9.814931329744107
159.49868608773824,18.269709255720215,0,2.1888316497571543,0.45426526512147264,107.46944336599415,1,Road,Clear,16.233346518808396
195.4068967684213,10.09311948909519,2,2.26370709951405,2.1759981408110813,97.24504902627825,0,Road,Clear,15.43773312244592
169.040596030526,13.853678651864438,1,0.8810797804368662,0.7472017222106815,113.14942978747587,0,Rail,Storm,13.608983390875757
31.462438479989103,10.842714356791909,1,1.3664265195295653,0.7929499585679798,97.25738491633103,0,Road,Clear,6.878912850386266
90.78548093113801,7.354886989546456,6,0.7828638781624898,2.4875487511281786,100.2560625837439,0,Road,Clear,9.82619093286293
88.46048603487155,15.906537415587158,6,1.601866509471476,0.45401416118610033,88.2697047961076,0,Rail,Rain,12.430982763331208
267.56286936077674,2.516029839110336,2,2.718214204024359,0.8863717750944796,96.75259918008489,0,Road,Rain,20.96121440744097
163.0200659551993,6.5612283732754975,3,1.7023358768435342,0.47096903476706126,125.89838147170495,0,Road,Clear,13.954564262380439
212.79598990375382,23.134342864503108,4,1.6403824580473159,1.5084935582601888,89.19536117355737,0,Road,Clear,18.843825002505973
129.99424095153978,3.4227315183589933,2,1.023308864488129,0.46251460016299095,105.25254832448923,1,Rail,Clear,10.579712352326014
218.72773990718684,13.326851176784736,0,1.2755432002176397,1.7882892417310143,94.5461061730652,0,Air,Clear,10.16972466172011
145.33401781476266,9.455223172943525,5,2.841498931337271,3.235403466234816,73.4331819818087,1,Rail,Clear,19.917768151559663
139.05339435001088,8.725798775892649,4,1.2574883106551042,0.15506237038608287,106.7076450794421,1,Road,Clear,16.116859535273008
177.93163990379102,24.69651837094067,4,2.3284664638750403,0.7504392219298843,93.32650889271517,0,Road,Clear,16.096626566741406
169.0309280163469,28.116280816025714,5,0.6053541622861895,0.5148205278287252,103.82849459609608,0,Road,Clear,11.736018893667838
555.1264984609379,5.199867268497162,6,0.8207849002362448,0.37469487520469424,111.87662755086245,0,Rail,Clear,23.49997671826972
90.11472950585501,11.652394696897495,2,1.2786947907622455,1.7531691038046693,102.81518061025706,0,Road,Clear,8.021820992193359
55.18069854615249,1.7996355759654459,6,2.7535521534005634,1.603384388094925,103.93958615085396,0,Road,Clear,13.219354458099605
192.9577585354055,23.7309571456601,4,1.048229137197631,3.5461005390858986,89.5847209143151,0,Road,Clear,17.446905906394953
98.66853513896363,12.796207786567159,2,2.31686152521252,2.302468644051739,108.48190433029552,1,Road,Clear,15.1123725631107
28.35318506414804,3.179650952957596,1,0.9188111672492251,1.4293034040898966,97.72379183451675,0,Rail,Rain,4.9493288391498105
76.8476916463146,6.849389585518392,5,2.032105115295354,1.6946238172452543,76.01885671239361,0,Air,Clear,9.138625541408443
489.12048521374817,4.767070492662751,4,1.967070576878203,0.8848135754056003,109.92693314454316,1,Road,Rain,34.65244089263912
88.54576048575736,6.503380156873848,3,2.054869752849181,1.7368480628089538,113.59579423519017,1,Road,Storm,18.2328015933576
42.18043737914721,2.0202337240549895,5,1.2156913041563262,0.2997757672303755,117.77346946670167,1,Road,Clear,10.988830520177135
472.43317363760286,33.12305807064304,4,0.9052574923814573,1.2251684802828036,126.04987602887468,0,Road,Rain,33.23783377979457
74.80074179992022,5.389713977459139,5,2.7162143728426207,1.947143443123288,109.2824145715331,0,Road,Clear,13.596482227680442
646.7890984052747,13.302377136885411,4,1.923609843753706,1.1738679394051101,106.16766541322248,0,Road,Clear,33.81531863055485
126.56330820331493,18.148336704891705,3,1.0301079243023452,0.7765718441631466,113.0985729034608,0,Road,Clear,9.762000270944968
396.1750764209421,28.14379444192514,2,1.5333226329885883,1.4792291613747222,89.3560582398174,0,Rail,Clear,20.489265487996338
137.1509210585323,13.657942177692133,1,0.6677287323130172,0.6762161284830828,79.93636682626179,1,Road,Clear,12.426913155516893
206.49046540964738,10.709999202084486,4,1.6884402915059356,1.1172630598036697,94.27589429794689,0,Road,Storm,19.775949302203397
147.24299122704582,14.100161471850399,0,1.5597269404574219,2.463307575614653,115.32693012823619,1,Road,Clear,14.973899611515474
137.77998303692638,5.1719257330108395,2,0.8318155934334841,2.5742688575558006,92.06681041378668,0,Road,Rain,11.998721823823168
183.84299792331728,5.5778469012262315,5,1.6109308379563583,1.6294319640105983,105.58732705190943,0,Road,Storm,19.894536605042575
210.79079976238188,10.510288986336226,4,2.0988308489817644,0.5609471283468753,106.87956763258582,1,Road,Rain,22.36296519094808
175.7171770499729,1.2382291789157855,2,2.8212261118335613,1.0305630927680338,102.93118164930299,0,Road,Clear,18.430513188932224
165.26485334880596,7.492371544112195,4,2.2579629848988114,1.5001884379373438,84.6684117379787,0,Road,Clear,18.22173380138853
99.20372914395747,8.979486431474909,3,1.7560882159243985,0.7436569217942992,104.11246895334618,0,Air,Clear,6.956391244113274
150.65593961561234,44.474428264823565,4,2.4251277946528558,4.210831432342229,94.94135843502372,0,Air,Clear,13.090602040308553
368.9656704175285,30.65715705382926,0,1.199838203377114,0.7586456264840551,120.43433430646748,0,Rail,Clear,16.991852473552584
96.27648503383816,18.100408288416464,2,2.171953996112223,1.4235663869764865,113.64254155522256,1,Road,Clear,14.962288661997196
186.97643184780975,24.14672882430825,2,0.5126554169961862,2.688894045323595,95.36448308903073,0,Rail,Rain,12.936977766542233
307.3839534548753,5.533693231807825,0,0.6813778261238136,3.762252532870172,121.18883774189564,1,Road,Clear,21.069474119662264
211.8056389992311,14.38987761799778,2,2.060664091154457,0.549438345614454,104.12453691150233,1,Road,Clear,20.589950629426493
269.1584562031871,22.09656808924256,3,0.9813739359698993,0.3100316036528601,79.94036162269425,1,Road,Clear,19.63727337852218
73.99830598189088,5.581006748628875,2,2.2218239656617857,1.6147250109742435,99.0603366063236,1,Air,Clear,11.078495472093458
187.25479726179873,3.3207144010784537,1,2.091883161259551,4.551040667370517,119.62333513554725,0,Rail,Rain,16.810252139070702
133.04652685758927,16.733966391903106,3,0.6591668735198117,0.36516804124501556,90.16193796621684,0,Road,Rain,12.808236634264052
136.55944037804994,3.7289937927150225,5,1.4812416664866745,1.06236903416364,99.18112113837122,1,Road,Clear,16.141997569858113
351.8178278964938,19.314690196215775,4,2.0325054957673894,1.720798938674874,83.68184418683437,0,Rail,Clear,22.390669296141645
137.8973881206929,27.814568363418093,2,2.283704078958396,1.4729499409331948,85.58640440157825,0,Air,Rain,9.606679012990138
190.7889085165095,5.748961785607181,4,2.5402104013168683,1.9239386481645795,89.9891230731526,0,Road,Clear,18.14383726452772
42.22100033534729,6.167244920854701,3,1.3261072541625647,3.402819245456162,85.2712210625023,0,Road,Clear,9.227678703368966
395.9334941522518,27.256004065422903,4,2.591790105636961,2.7268734253122684,92.58071098357055,0,Road,Clear,27.432449733125463
260.43866353614993,13.71449542971317,4,1.3856360650141106,1.0431083966547299,120.85939941401237,1,Road,Clear,21.572850966649792
154.06636542882754,24.79970220432183,2,0.5174671030000075,0.3592119058695008,99.56712920801088,0,Road,Storm,16.407705222778546
129.41642800943762,10.823609767375935,4,2.0250147495925344,2.8713381551269883,109.42626041094525,0,Road,Clear,13.88063019477237
224.14724126368256,11.48445065669057,2,1.1041714928948307,1.0595817587854202,113.09882820289705,0,Road,Clear,17.90271708621572
305.3095125387829,13.442852084420032,2,0.8109532549838192,1.4580239448942405,86.69876242153826,0,Road,Storm,20.4367014867145
398.91375591405443,38.59184087123969,4,1.1458945250120351,2.533782662478853,90.02185105088866,0,Rail,Clear,21.692240783105674
255.60968942428306,23.469739290828382,2,2.5697849951985132,2.8096821867301163,109.18982472953037,0,Road,Clear,19.566257506761612
166.6090996664568,7.277787045533326,3,2.7850032706504546,2.432005521361429,92.38860393383746,1,Road,Clear,18.249531866344512
277.86330078337653,15.181249206153899,6,2.9042415596756026,4.05552540940395,108.39504605949561,0,Road,Storm,28.0448731713314
249.54744554989858,10.223953297492633,1,1.2570759075006275,1.3385608607577177,120.12786905245177,0,Rail,Storm,16.88425989239485
166.9971112279199,8.725666290474523,4,1.6398217704726241,0.8005141230870649,82.53540535107122,0,Road,Clear,10.406962459300388
245.42201722190808,18.928434057766555,0,2.5063152570204594,0.6101797902387373,95.7167900458783,0,Road,Rain,20.225560387604364
242.81270964988465,16.24322079329664,4,1.294756721267611,0.8399576682347795,97.6207435274687,0,Road,Rain,19.664628219317773
153.52920170774976,5.810868844799177,2,1.4628579657823664,0.8688737151780089,93.68360258715495,0,Road,Clear,12.517423791406067
114.40198295051587,13.468608621785751,5,1.0931862230741052,1.63333564866186,92.70431192001338,0,Air,Clear,8.332069194164887
230.9469131655122,8.50131250166381,5,1.9309182983793145,2.0686081590972285,94.09455022301968,0,Road,Rain,19.600240280944845
79.81124608696051,18.07586348128718,2,2.148166747063276,0.5327927265689109,99.81699128845824,0,Road,Clear,8.31893643810737
67.95209442502006,8.185565411582887,2,1.2960986377164911,2.53902019750204,101.97861761960456,0,Road,Clear,7.1244386738591245
192.5588921220011,11.539852116231462,6,0.5605762912789107,2.712617453464219,111.44093011171577,0,Road,Clear,16.659070273458706
227.36501427924136,8.927713199848286,2,2.339769533424925,2.1046921436058077,99.69857597427998,0,Rail,Clear,17.41238320221778
191.71287959895335,2.414540978784856,6,2.0414932233664755,0.9450220663163651,113.41809936761169,0,Rail,Clear,15.454582816941706
204.07538849463577,37.32164863777305,1,1.047496964003402,3.3189363876130886,92.89839907902073,0,Air,Clear,10.383502633538578
225.1609400962987,13.35554125895209,3,1.2866191879144269,1.31982145455246,85.58364594866056,1,Road,Clear,19.651891111304398
352.5567885051923,38.18921445403767,5,2.8927839731741933,0.7163984509336603,96.34295158705697,0,Road,Storm,30.17156042218375
258.10772334660714,13.820714060289053,2,2.0755088625232148,0.527859037194351,105.54991185486388,0,Air,Clear,9.892617796434442
253.70978694853437,21.398290236879728,5,1.9886943909784613,1.5343305758010444,110.3256004377371,0,Road,Clear,20.255879857209557
183.9191228577149,7.703284908664413,5,2.0992268436588586,0.959167473469077,117.52280302747047,1,Rail,Clear,16.037802551462242
187.9767164592894,7.870381025341666,2,2.8861113369843925,0.40074632686842016,103.48240364780425,0,Road,Clear,16.244072011003638
145.9761251617362,12.790988979835927,4,1.3496476837324871,0.2916993396860123,109.03631207000596,1,Road,Rain,17.62560143500679
200.58128060649398,37.961596058328674,3,1.2022899402628888,1.7119985411020076,116.42535240857751,1,Air,Clear,14.12064625741332
77.0809800799262,5.999421548236777,5,1.441856200673061,0.34283449447032255,90.64903722233693,0,Road,Clear,6.721263529397459
353.47116637514006,1.7912441808345563,1,2.5023727351930685,0.1009672231577724,97.47830800730897,0,Road,Clear,22.2205716441089
92.20167227403503,26.825242106165703,6,0.8023971859749397,2.7397699979147854,133.25095852639546,0,Road,Rain,12.438326688490553
257.8115075417916,22.33056365301698,5,1.017061744881711,0.592135829805324,110.2766673076309,1,Road,Rain,22.751011793518934
328.7277716209162,9.351148244352641,3,1.070613781195497,1.915150484797768,106.12840370435646,0,Road,Clear,18.972693470174594
257.46622750030485,47.92585024153189,5,2.090943477967534,1.510829410938408,110.72429013190872,1,Road,Rain,19.59334340132318
513.5834793449599,49.29247587717252,4,2.103957561573096,0.784512354118817,83.97187425232774,0,Air,Rain,18.57554383428401
33.033498115897494,2.2247318346047864,2,1.4297159584766113,3.575000041811803,92.23808285702005,1,Road,Rain,13.345816124438286
119.21409283872687,7.548388572052171,1,1.1904806813781512,2.138951520514475,87.85242544626344,0,Road,Storm,12.179699723589854
325.6638162923698,12.720060872864604,3,2.386629828298788,1.2571350563103292,105.02329983650999,0,Road,Rain,23.935638820897662
66.02814676301054,17.721750317214383,8,0.5793164173745733,0.6431921892929262,95.57240722107667,0,Rail,Clear,10.831810276937604
94.12236593899149,15.840685709956091,3,2.3468442768702342,2.019392799974974,101.14466186956504,1,Road,Clear,13.518149845579591
217.0511712186958,13.317104329958259,4,1.0256849859271444,2.247912233365756,96.2678050324141,0,Road,Rain,17.869118998008044
165.38484675903396,5.1918296268768565,3,2.7569426423695784,1.4093615779982853,80.4831288701724,0,Rail,Rain,16.30680713386263
209.36306280080453,19.343145920365824,2,1.53423311430633,1.2824248808318117,110.61971724584826,0,Rail,Clear,11.5515797187227
173.9306478214022,20.131902428965425,5,2.1057422583561096,2.1347104977973372,78.8536427543447,0,Air,Clear,11.033887446554456
183.52518093229486,25.54015351038343,0,0.8024232744196051,1.234137289766219,91.26823912874424,0,Air,Clear,5.027859655610328
100.4115160699157,4.52359928499338,1,1.13471102112613,0.7050516867576568,84.21433264014264,1,Road,Clear,11.130942050313777
180.06482646032572,11.19119524530319,2,2.2515214858889006,0.3696457068631458,89.44310595751725,0,Rail,Clear,12.069501767538174
124.43897535215038,8.978154682422256,5,1.875888625830517,1.2416393822801135,102.42230275383692,1,Road,Clear,15.937196576046995
135.34106377533877,4.441505659325848,6,2.4261934524113937,0.3580114762059661,114.82027552723385,1,Road,Rain,18.88457221723436
255.8147238943767,11.051001107829032,6,1.9085058494018798,2.267677776489163,81.2680601327956,1,Road,Clear,24.57394702435342
63.62351767864919,5.439547289205064,2,1.9233279518306068,1.2417348137333395,93.31350378038886,0,Road,Clear,13.000897125207473
22.97469664889038,3.747979118905646,6,2.6456474543235884,2.5157285364440307,79.01146848468844,0,Road,Clear,11.585673449490322
245.2350495609982,22.532558557574607,4,1.561724793264602,1.5976551713815494,92.73505569167078,0,Road,Rain,19.25167297921575
180.17233912376338,9.309892019150373,5,2.73761179914376,1.9212496636059972,100.86270482359537,0,Road,Clear,17.49695104980046
328.5260047143385,7.235122341831947,4,1.4305381201124974,0.762278893862055,109.20493080583078,0,Air,Clear,10.282909735510934
95.83037864494112,29.901471347947187,2,1.3214855169251187,1.1781046804131754,74.57725616233475,1,Road,Clear,13.183021289144376
150.58085094072308,20.5610408375586,0,2.448553191849447,1.5814344554099273,106.60662183909427,0,Road,Rain,14.907292758789676
169.1973426614844,1.5635574891958204,7,0.5288659987408213,1.449265786364783,88.32831989113583,0,Road,Clear,14.346020815579267
108.54134737255833,17.80626541497635,0,0.9304802995970097,1.402739414558706,85.40571067367722,0,Road,Clear,8.328179206953667
87.8033249258998,17.744960210951547,4,0.6794143494694572,0.5218389710328845,100.80985234110096,1,Air,Storm,11.499175389995894
252.35606085109163,10.687283235471787,5,1.7802627325228961,0.21798001428902644,107.52575565397082,0,Road,Clear,19.161203786361636
59.1895966312238,10.365825820129933,6,2.0701775033214904,0.4879229950494115,98.79454317840448,1,Road,Clear,12.815390550944322
78.16941645289484,2.743662453750662,3,0.5259398646562679,0.1,86.8824322651348,0,Road,Storm,8.215881581843666
147.49679260967721,47.564633032347224,6,0.9036588713508447,0.25580730025866605,98.78822798628568,0,Road,Rain,14.16687995769388
269.27745347410905,11.017017396201075,4,1.2563533964892641,1.666661329548402,91.29785759800322,1,Road,Clear,19.878016035031234
113.18256138320149,17.111406066974975,4,1.2355658380715038,1.0615470860661458,107.24838969945878,0,Air,Rain,11.121708902385468
104.07417103201733,11.506754676350557,3,0.7428317922363075,0.6682555546292455,112.90429397563118,0,Rail,Clear,9.791676642312348
142.16496253954858,7.340284439016948,5,0.932118640126341,1.0450495548226726,112.13754389061731,1,Road,Rain,12.586438377636782
198.1452163679577,23.755690096823557,2,2.617629402430928,0.16726461986023633,99.76301802423984,0,Rail,Clear,15.623855043787353
128.70918882822116,14.838142982273633,4,2.2514528540350094,1.218046649042524,113.47192821474684,0,Air,Clear,10.94623755738195
288.9994117539893,11.091272959942895,5,1.2402359566583665,0.39738433260495,87.74823656054082,1,Road,Storm,22.871289914776714
295.93794265021415,16.977979354955924,2,1.1585186607902125,3.002537867824807,121.39439598909749,0,Rail,Rain,19.226701618195715
147.4920707217027,12.355822404519405,3,0.7004980053833796,1.9850206132778716,87.68101507122255,1,Road,Clear,12.595201633497561
437.39450395103796,39.9293495245784,1,1.3722648434949596,1.8643299505804585,75.63856971579318,1,Rail,Rain,26.03223040709681
166.89466448539213,23.197940562851535,3,1.4951737865691535,1.430128308233126,116.38523691393641,0,Road,Rain,14.701552874474128
290.3118360996659,19.02412513596834,3,2.7604541409686125,2.1078797547882964,91.4783869455685,0,Rail,Clear,17.205538006093388
194.90309775264234,3.1156362501618986,2,2.3577892850380247,1.2229833873409879,101.40086659006259,0,Rail,Clear,17.078535720184156
192.76945819314238,19.499751387788148,2,1.6978844358725185,0.6522244293196053,87.63030343690866,0,Rail,Clear,10.743739144511022
49.323697891267095,19.154984827306386,3,0.8371431719751999,1.8876423634316166,128.36324088808544,0,Road,Storm,10.531438672739336
73.59160819879534,5.530222753968902,2,2.140404122520823,2.612469273812649,121.86181204069077,1,Road,Clear,12.647053046768615
132.95813764468332,3.039293112083699,5,2.8400307819276205,0.5502286195558302,118.55864717469234,1,Rail,Clear,14.990611444676354
294.6702325512933,22.53870822621303,0,0.6951121300183845,0.29510972918332856,101.06029284729219,1,Road,Clear,20.05638361817687
196.54356182770263,24.52690775165348,3,2.6215194196535707,4.305336097907375,111.76839075700431,1,Air,Clear,15.938507698079913
133.72411217934274,7.905343834784477,2,0.9502863880478938,3.264013596271025,99.3633752360957,0,Road,Clear,13.839195614721852
228.65661373962783,7.604280473491961,5,2.2532023357851547,1.3259090819425419,113.4664161567215,0,Road,Clear,19.449606272055423
288.5098374039495,14.647844929754896,2,0.9596400931085423,0.12377770997064158,95.07268763581949,0,Rail,Clear,12.084209176787509
160.6219027502818,9.285026684477586,4,2.00003388721826,1.587835094405806,119.016452988843,0,Rail,Rain,15.426223657603863
182.86766027092202,2.9676403180560738,6,1.0940614605730576,5.845634395580706,94.46953224101131,1,Road,Clear,20.077607994936198
169.13567153461767,5.472098921925932,3,1.8542451553831822,2.0957762595974243,95.83250914809628,1,Rail,Clear,14.54583092710969
154.50064338324466,16.659114495859523,2,2.000394672864193,1.9730891649156292,94.40165230369774,1,Road,Clear,19.6581213409097
95.13399200301988,5.761781320676557,1,2.0463008127678584,1.2512288192140169,102.30942837660018,0,Road,Rain,13.094617344607663
90.2287867112134,25.385693630364685,4,2.2069971945168647,1.8467438258300373,95.34164988488973,0,Road,Clear,14.1775595767735
227.8265717864864,18.934550250167167,4,0.6725739384623561,2.0885118905831717,105.84706683048353,0,Road,Clear,17.731251706503727
291.6324831025928,17.149156641769064,4,2.258468509594842,1.4908209734660547,94.22815619918379,0,Rail,Rain,19.038913311133584
133.56031541445935,14.419372658921867,4,0.8864943105885338,1.1145379241125932,109.48946225420839,0,Road,Clear,12.745272078452064
131.6218997213603,7.055684124489962,1,2.1925811328423164,1.5096166637248163,118.22040421730276,1,Air,Clear,11.839493109349833
39.281495195658934,20.810388411819208,5,0.8100940355935213,1.457439438201534,100.93056572554055,0,Road,Clear,7.3410612228822485
33.470435709985416,6.881064436784927,1,1.6985367763793884,0.1555462138586709,126.61994121723816,0,Rail,Rain,6.1362208152849735
334.285413820847,26.366377971109284,1,1.4669210649545146,5.122050775536757,113.5303521144604,1,Road,Clear,25.56778503547543
99.35183108516439,35.84178865662306,3,2.9183658916081683,1.9741886652102698,125.65883814129882,0,Road,Rain,16.381763481810932
533.6156838722665,14.772563192501734,1,2.0770229143611414,2.922172628794476,99.26561287537793,0,Road,Storm,35.56695868502613
111.19732392918206,32.71937049014913,0,0.720514783128287,1.628796753471409,80.06248959660077,1,Air,Rain,9.449844743902936
50.61396559408819,5.542853874070931,9,2.2522161535949037,0.8579479864752889,91.52635330887136,1,Air,Clear,12.623822372930823
169.9460169511854,19.086609456281533,1,0.9853459981974582,2.5069098104852667,92.75035971799281,0,Road,Rain,14.323581845608599
250.66334287863154,13.062224477230481,4,1.2153759067833914,0.2769936888297628,88.56369461485548,0,Road,Clear,19.363643291335066
234.82172885388894,22.80936862284363,4,1.4461076011116045,2.0321930385036278,73.64914424441208,0,Road,Clear,18.460144246000205
265.07387233903404,1.679494656397949,4,2.4405636007709983,2.4871083729711456,112.29576088854708,0,Road,Clear,20.27896308804053
82.52638485086159,21.871901472990075,3,2.8602023469659756,1.2342566448325145,77.67977005882706,0,Road,Clear,10.403846216076701
329.80948406433043,7.648838236614301,9,2.810837942119959,1.893662867856653,111.1465514060837,0,Air,Storm,19.803469642131088
340.7249061133544,13.558688920041515,3,0.926709079485032,0.15897192192597542,126.22659963363819,0,Road,Rain,20.708073786339558
349.1000334800244,47.03052823995903,7,0.6510336934864496,1.9542775031627688,90.66000073174772,0,Road,Rain,23.312342533656196
186.65822909148505,19.54446723880229,4,2.571332548198779,0.9962473246358023,104.6508458936084,0,Air,Rain,14.341317825558486
127.1070024872502,17.750758903148565,7,1.2205456570787672,1.900596205007955,95.21641250446328,0,Rail,Clear,12.42163972103319
119.9512376844885,16.722829356445878,3,1.9570652595573022,1.2769431254450154,109.92491136129733,1,Road,Rain,13.899979114239343
50.39590153473729,28.268249133775388,3,2.946568663090777,1.264668369223681,85.6670705619384,0,Rail,Clear,12.02397669769302
112.80407600446894,23.35559779273868,1,0.9660550134301757,1.943322378225834,98.41850704491367,0,Road,Clear,8.414414977284988
21.383571577001877,16.85801783763562,2,1.4371397296421375,1.0363233389764603,113.45416316478297,0,Road,Clear,8.062167132567737
45.11667918904657,15.371605342052556,6,2.66899736536529,1.2286974679413183,99.41355364206562,0,Road,Rain,12.405446078746424
185.5136442650063,14.625107367799659,7,2.1249513676951035,4.430265582189099,80.45646774692796,0,Road,Rain,20.790075666528356
136.43603716968002,12.520100089387968,5,2.843882516882231,3.0554804292892364,114.89984100460791,1,Road,Storm,22.558073558766118
180.76668124141182,4.450200059521262,5,2.079298287397084,1.1140403874873637,84.44828907560374,0,Rail,Rain,15.178572154575892
239.7301666294331,19.248119245800524,4,1.2589249201020434,1.296032267382289,100.94480971857062,0,Road,Clear,17.776890725720886
200.76862422318428,8.309391881146322,5,2.5127715138062205,0.8087314978979537,106.9917315623081,0,Road,Clear,17.965209579487922
190.8356286137656,11.376831747303088,1,2.3981593873026945,0.9990794546631978,101.43820381882189,1,Air,Clear,15.11837340849113
151.61735772450743,24.45825180791916,4,2.834047352697159,1.0374487781419053,130.449245706003,0,Air,Clear,12.134515644348976
96.94351508446954,12.747549666309208,7,1.6904173305325816,1.436749006279217,108.80576093286334,0,Rail,Clear,12.12792039344139
66.41860704609132,11.99835553032349,4,1.7570982178357744,0.18531326621073785,97.57179855103584,0,Rail,Clear,8.063468963218757
114.75558882286586,14.805820489405157,4,1.3095577509041885,0.9773141903280982,107.23195485517516,1,Air,Clear,10.974340587415735
153.17419902503445,10.259877911432833,1,1.1718958362663332,0.850358893433695,102.51933554328828,0,Rail,Rain,10.011541018768082
165.06337014479894,46.367337784654616,4,2.991319547853249,3.3320935577882227,100.53243295126325,0,Road,Clear,20.286145027528345
265.39901302249615,42.22818642238509,2,2.9431387906097357,1.2848775626393873,102.92544632479272,0,Road,Clear,19.075067290228024
144.86193870715235,41.50227746151939,3,1.824116157502945,1.5840757764205002,94.79095629505468,1,Road,Clear,15.158909036766788
219.97467815692332,16.763290769110508,3,2.8877139559095912,0.9554012560586979,102.55481996355887,0,Road,Clear,16.658483951748092
55.921937081094576,7.870959643759949,3,1.390388619016106,1.2928082646133416,93.93410634212931,0,Road,Rain,10.678068625763721
187.07190084505444,24.91444184935817,4,2.6249858101867156,0.9990726358049145,77.24564490610825,1,Road,Clear,18.96293079118792
179.3308988710731,10.323315418053154,4,2.0871703946133384,1.4526472316072736,113.68240732915243,0,Road,Rain,18.3653997078524
329.87324623005816,26.434649516621885,2,2.2926652853491607,1.890612735023806,93.21462607078472,0,Road,Clear,21.767585834315234
136.5118435404277,7.561787439087743,6,2.295507331010607,0.41512322964547804,101.69664444799353,0,Road,Clear,15.404913034800796
132.9072793684917,17.647633963137725,2,2.089571625015658,2.082425328920639,90.87493124184645,0,Road,Rain,15.93471278275637
240.69968014074007,29.016604883742694,1,2.6308200283002816,0.6016137615926926,91.23716605381671,0,Road,Rain,20.124884499042533
70.18752145198549,10.787704849826257,2,1.480033126643107,4.5337634012817025,87.53213035277315,0,Road,Clear,11.402743289057174
184.19561513886848,10.756916680547654,3,2.622972377407724,1.4300506917916898,111.37956349448201,0,Road,Clear,17.2263726624976
67.6307341521843,3.3767864741604723,4,0.9585379098013714,1.5681925594618034,114.27665916873002,0,Road,Clear,7.7037759874239855
413.01412281572783,7.761742895788459,3,0.9998985505001421,1.6136721619828334,100.31121477478727,0,Rail,Clear,18.29446869382114
121.95549602262224,16.5262340617042,3,2.293358050980008,1.3634923075149752,93.56010723882085,0,Air,Clear,10.894285292313759
64.44311095770966,18.380790133225037,5,2.3753247258189685,0.7448527559566029,79.68315922778574,0,Road,Clear,11.097339319585753
114.22121327363344,20.33261361620514,2,2.7557526871689184,1.5711476954279986,109.54517421006192,0,Rail,Storm,16.857817413798934
184.86491367273922,2.155688854188222,2,1.1867072620118198,1.506633726154182,91.88131517008846,0,Air,Clear,10.61036124403783
215.99897884375497,10.362792446896483,3,0.6401736309661064,0.6727715498726063,86.59287193077328,0,Air,Rain,8.675524875173462
320.1710117634172,3.8036145098508762,6,1.7686793135172363,0.41982681691866264,100.35116105805054,0,Rail,Clear,17.393506154479752
105.37917332442002,15.925418166618378,3,2.688351163441981,2.4958367293936976,95.99049170639577,1,Road,Clear,15.981804570322772
246.9966581152245,2.747991740393003,2,2.9286646341171334,0.9759861939869645,81.78334960736953,0,Road,Rain,20.75690228858128
45.153379245738485,4.972358263991579,0,2.6445657380118286,1.166234010582907,83.43135279274442,0,Road,Clear,10.298440600001172
78.5490344991579,23.078985304012253,2,1.724891124181513,1.5116721056040188,104.03851807321351,0,Road,Clear,10.502107041742029
57.11621508992536,8.535772825491453,1,2.6584555901775775,0.728265565871608,92.1317039733864,1,Road,Clear,15.216137458501557
93.26767823875146,32.90594439701708,2,1.03492730967259,1.6704545487981528,106.12310289635654,0,Air,Clear,8.004194727399119
240.6255471637604,20.710212133749046,3,2.802924128087146,1.2088488903459824,101.75837567772071,1,Road,Clear,23.111322221170273
107.06719254630687,10.83574873954501,2,1.9171149025451182,1.2962697596795927,112.5705035956348,1,Road,Clear,13.912768885591804
120.59211050219139,25.635677996611875,3,1.4734089645052555,2.834646056288615,90.01425899220068,0,Air,Clear,11.039376130418923
187.8207812160831,11.574850200812538,3,1.9541029554108043,1.4712940528898297,102.79261393006013,1,Road,Clear,17.84763948208172
210.74344128423806,22.172779185841772,6,2.4600205246679874,1.123220293085878,107.65929507848755,0,Road,Clear,18.069255369535828
122.96184982222209,7.439095077893132,3,1.100303781911916,0.5562629439852452,92.48539016916178,0,Road,Clear,12.198289335953966
78.16685691257818,26.662085948521806,2,0.7546995069218396,1.608002661950528,113.52643906763348,0,Road,Clear,8.790580989946356
375.4303432170149,3.0378889025289344,3,2.3328002591554533,2.4261258082158417,80.00466770102423,0,Road,Clear,25.791382472939947
123.48616682120377,4.965406700508595,2,2.8811724158323075,1.138119815847407,90.00470803624432,1,Road,Clear,17.54698987670485
131.4661828004668,5.799319244567729,4,2.092445229935599,2.4128866874605857,79.55574674635706,0,Road,Clear,14.703894167016143
142.10343859089667,8.126381774353085,1,0.8564586352255616,1.624162294874324,91.16950032010953,0,Road,Storm,14.604621736124436
223.7678968634913,16.957603220996198,2,2.108463423642642,1.388016718616854,98.14499133471371,0,Rail,Storm,17.85265928732523
53.70211661781119,13.273855034032838,2,0.7915802404522085,1.7674723606005605,109.9780086283148,0,Road,Rain,10.452883671501446
457.1613708315433,22.35081035423506,3,1.2588118825497796,0.43575926020688016,98.13651595305532,0,Road,Clear,25.95881959969604
129.17255079577626,29.290537010577836,3,0.5789942529974161,0.9880355213629545,92.85551537334933,1,Road,Clear,12.878943918450311
228.1703599241979,2.6871138860410557,1,1.7187540602197502,1.0177510977610678,81.4093264457839,1,Rail,Clear,16.08303934434453
64.99438558834109,31.69606300382858,2,1.3033854637697528,1.1759161125172273,85.4298562550998,0,Road,Storm,12.94410380510322
176.65346523150302,11.375640256171135,4,0.7438047246134925,4.056445078533268,103.72247140614242,0,Road,Storm,20.170233406910413
417.92417861907427,40.973262044112076,1,1.2725682557066293,1.4218570819766834,110.57745713420647,1,Road,Clear,26.7368365710866
385.3699093645824,7.1570811486811765,3,2.1189252985404075,0.374317551340704,94.96933666954062,0,Road,Clear,26.381962008711906
224.7124872507624,1.8831955542794874,1,1.222703888751177,0.8094940543374313,114.53217427389538,0,Rail,Clear,12.03707521179978
89.0628013258697,20.87476688754849,2,0.8576802934823251,1.297072457283039,88.60099121105014,1,Air,Clear,9.31520685592084
310.6320127705167,19.96809374568066,5,1.8619936625644466,1.4671657660521444,95.3135125743657,1,Road,Clear,24.063795418985144
44.8855798400416,5.0914810640581925,2,2.3830681764662076,0.1,96.32625304263199,1,Road,Clear,14.05149259628477
86.86822661157143,5.584486664033954,4,2.575353390516145,1.8779726365783043,118.35296545965308,0,Road,Clear,12.55177755364139
152.13845602640538,23.52195828468888,3,1.6802427827828597,1.9348350557778784,101.60390952161143,0,Rail,Rain,13.505625173146832
48.16629168795246,17.55328894860108,1,2.2776810523093003,0.5342440666074356,78.41880652890778,0,Road,Rain,10.52865461412035
114.05457317310311,10.493867485260733,1,2.5833193711102553,2.379763471341259,111.41985166310815,0,Road,Rain,14.497259345993283
249.87618981400996,18.848093698301085,2,2.182223076429314,1.1318684857856207,122.15113091953464,0,Air,Clear,11.92998300614828
99.75210983599898,16.311178212014102,4,1.8181785127082657,0.6292389377068077,97.00311133478372,0,Road,Clear,13.472671289398946
256.65816392318067,6.143360563393505,1,0.6498484178522572,0.5004770500847662,89.23501209944541,0,Rail,Clear,12.679998411239273
525.3881974729051,24.747612872006307,2,1.2250859364895668,1.8499740725049383,110.37108897621295,0,Road,Clear,30.22767121575399
201.07257431865565,21.527889158916125,2,1.2995378936143167,0.8541192957678668,123.57117564061093,0,Air,Storm,12.176411513732344
254.111321821009,13.50452554766922,2,1.487528127335198,1.5804499891731871,110.18478104743502,0,Rail,Clear,14.363589809597125
316.6486980002491,23.532626792767356,1,2.8772317582607823,0.4869551919424798,80.52392375844875,0,Road,Clear,22.505524348730123
121.01821908761968,44.35934419087597,2,1.0221883558821072,1.0273028922618292,109.05618178446898,0,Road,Clear,11.066433620732056
250.66276128590897,5.523204276198445,2,1.8538872775182345,1.7658395889503193,104.8504886533242,1,Road,Clear,22.08773292558499
119.12223030391546,10.873796554228454,2,2.978045266735551,2.7761590590210137,88.54443611872925,0,Rail,Clear,12.522426592553533
192.78820873374406,11.303712622813674,5,2.0469864019516453,2.9794641406791884,115.46581415139156,1,Road,Clear,22.161547238590035
272.58427201260383,23.17654479813874,2,1.0222768091954542,2.7385286984974844,105.26021378534986,0,Air,Clear,10.567222349986668
91.89972989311397,8.041848680539047,10,2.9004773294452693,6.073228397982305,115.77950311079118,0,Rail,Clear,17.724826588440166
23.33280305213566,22.284954816942314,2,1.3407316726345422,1.5981124042762889,87.2622861986335,0,Air,Clear,5.235856842881958
86.0405830780524,8.862090475824516,3,0.6196767739965776,0.47378605761051074,104.7853329323803,0,Road,Clear,9.180402176768457
295.6978714197551,4.943387552570983,1,1.578404418649201,0.8252254368034265,89.25886297913986,0,Road,Rain,18.793570310653827
78.76229294418408,14.114080267234577,2,1.1016392404376203,2.9252476324771743,102.97200374186734,0,Road,Clear,10.684055503885535
286.38451826256454,8.702378048442306,3,2.547159432738363,0.7387519126525459,117.7267054030587,0,Road,Clear,21.419513372721912
86.33775387438386,15.179819881962162,3,1.0498895856181385,0.1,82.88298722044874,1,Road,Clear,10.725071819620997
139.26075154457132,17.93562321583982,1,2.5496350555945315,1.057516959132166,83.57198605944978,0,Road,Clear,11.184464322174787
158.66661417899098,2.9102975781083074,6,0.5904275413370242,2.3460645728442917,111.46569611845078,0,Rail,Clear,14.791184476124556
78.50208954824079,9.55357633144008,0,2.822893294796974,0.8120373810597965,99.83052670084659,1,Road,Clear,11.814272632547375
140.23175721765156,14.122825262804056,3,0.6054838169625338,3.0236575467282725,114.05515871383061,0,Road,Storm,16.325391352015167
50.49943924916941,23.602214804880912,2,2.846349609967479,4.3198655550917335,90.31258270044601,0,Road,Clear,11.966804042235568
128.01835800140321,21.638787365192645,4,0.6842281895787403,1.5705085354772206,100.61428711339262,0,Rail,Clear,11.641656360126007
150.76022426142765,6.620753790511022,2,2.6814590063960577,4.828348128847372,108.25754583898309,0,Rail,Rain,16.188230610020174
24.42487201545272,11.744612272751755,1,2.578330094124295,3.615087743908045,102.52240228048288,0,Road,Clear,9.342678527384201
85.54068744085677,18.60885351074216,2,1.9860595940185255,2.397533527474271,78.53503205605332,1,Road,Clear,14.739973022932821
189.31557327142878,11.117412451900462,3,0.5899652101642023,1.7265156950806286,133.87117907462738,0,Road,Clear,12.009968508880384
72.26985945948951,7.200202725765245,6,2.0528570169240368,1.6168776593398502,102.54789378283019,0,Road,Clear,11.464862564391765
208.00955350793913,12.889592836083136,4,2.04461605206715,1.2385061257999483,83.91499497356179,1,Road,Clear,20.407970648750272
220.01234392700127,17.372468553511975,2,1.8929936874429238,1.982563034336867,103.77039871048291,0,Road,Storm,23.034774908107117
188.82896953721075,6.065718982967649,2,2.078813928616802,0.1767002819251825,105.14974052127398,1,Air,Clear,10.26337903026694
248.94402591686256,20.05779479045881,3,2.9202685081132334,3.7238378265373933,111.92708289498357,1,Road,Clear,23.248902469218628
47.98108672850042,14.74990808125021,3,2.9887681191424167,4.884379384644226,111.12573881270664,0,Road,Storm,17.701760526003437
279.5884455265426,20.572110226738214,2,1.8012395166145998,0.16099964276077192,97.43386545524173,0,Road,Clear,16.091768945250934
79.38643324539208,12.671606298412764,2,0.7295015607230888,2.297094998966937,79.33504373636788,0,Air,Clear,8.696200220740035
169.90087084831487,40.0320066074385,6,0.8349226091129448,3.524763496488764,105.53635638164697,0,Road,Storm,17.89255014319112
408.65906654528027,17.131507735033534,4,2.3008771983500385,1.4594966914988454,80.29100734804335,0,Air,Clear,14.465696167277747
126.27292272161829,22.217510821399063,4,2.954908968057664,1.1910156094356417,114.58293523822697,0,Rail,Rain,15.546565481906596
161.1246175446359,20.000709484702497,1,1.5901380593298693,0.9927241812496673,91.20690441381979,0,Rail,Clear,11.578709221034156
79.72804648029265,11.625849827286475,2,0.7450968647791221,0.8455352634558086,107.61952401586615,0,Road,Clear,6.9211317601110816
406.38836971785514,16.042051890211795,7,1.3826113812623713,1.6708882254056918,92.12597425787365,1,Road,Storm,34.447673496385846
85.67216359760495,8.201417489824138,2,1.462525692801306,3.006969410740556,94.0955720545213,0,Rail,Clear,6.477817314610554
231.20888049735788,38.13828562188614,3,2.991488334713162,0.201013552448525,90.38836220086947,0,Air,Rain,12.242791618805239
316.33068755945817,18.50865856000023,2,2.216458383235968,0.5769840547501272,108.59297832352841,0,Air,Rain,12.569253679397097
244.01018449665168,6.835934967305024,5,0.7946652151768661,0.7958070463624898,92.54383623136519,0,Air,Clear,8.18613566469863
195.76723834111218,32.534164337373895,4,1.3426917923560395,0.3231482528567881,109.22238505829378,0,Road,Rain,18.105776074254504
168.33380424955456,12.090011426315673,1,0.6213967812473147,2.12267801089486,92.85771569526291,0,Road,Storm,13.638423395120618
64.50876687641507,24.404308821166232,0,2.1326512702786236,1.9252072002305125,97.22298096993573,0,Road,Rain,13.585969060616653
396.22846400503175,2.825978211126412,6,2.181848172192667,2.500047412690266,100.42677927951091,0,Road,Clear,26.803702397201047
186.33100473035776,28.650557213141475,2,0.6437418626847833,0.12607013795736954,101.84585927098,0,Road,Clear,10.761323143966251
161.18387365624838,17.971827267843036,1,1.3387998532469065,2.2932909124157526,88.9095479853626,0,Road,Clear,10.683562034045654
74.9965140620133,6.3669249910695696,1,2.7570959173425313,2.994941123980473,108.4456917916163,0,Road,Clear,12.182647730585003
165.98981734569207,17.749135069168766,3,2.567040075187011,2.152948833109734,96.74392952868719,1,Road,Rain,18.982011971220714
155.03596825868632,35.6419230521137,6,1.9355314245280404,1.3716298456238483,106.5268088476661,0,Road,Storm,19.61494405296186
408.6529599549736,8.406043550969562,1,1.711558401186509,1.2271467485191474,99.80526076344688,0,Rail,Clear,19.38866748444921
161.12404142809808,8.313085586333987,1,2.9821297801674818,1.7940874666345878,107.03744680509877,1,Road,Clear,19.54084680345539
164.37112296179035,11.490021304288394,0,2.305488898797818,1.6430377403745942,95.06389902423821,0,Road,Storm,17.964148028908337
75.65136531613075,14.024221343237711,5,2.8815880279895305,0.8169249819896213,90.52482292150754,0,Rail,Clear,11.564191114327164
97.46566536053587,25.50378001010001,2,0.6789630358829584,0.14103826327828292,105.12229881326702,0,Road,Clear,10.074589213432196
215.49807415990668,18.68562247037212,5,1.0303778908963794,0.9182286452921314,94.07519397040895,0,Road,Clear,16.41744018316415
41.02378675081533,11.482322964747778,0,0.5777775893622001,4.512389129697088,117.50543739695331,0,Road,Clear,8.809066250947255
278.7301922078052,16.544447110087017,0,2.6697940367229385,0.17026379781152728,100.81188042654055,0,Road,Storm,24.77495557204021
283.0269523464356,39.50786703233644,2,2.235578602913326,1.622982514659318,83.51642466646203,1,Road,Clear,22.548097309400436
90.66364858223797,20.995396458998506,0,0.9441291321053433,3.813142839450577,92.97440855899178,0,Rail,Clear,9.373471605677793
196.19498673926898,12.445371426984233,5,2.935476518605318,2.543117427477683,88.00834552019691,0,Road,Rain,21.91948684245105
322.1797816372414,11.223012221271823,4,2.8894930565367596,2.8211265004793535,112.8750253645797,1,Air,Rain,15.363006664631154
147.39083268388472,15.846323040438918,4,1.0614945123117674,2.6042448900007265,109.2824871143035,0,Road,Storm,17.06938333404089
130.7264277978879,25.291882026567475,1,2.117524382606776,0.3272891980870771,99.26748044796035,1,Road,Rain,15.543107419589514
141.00548892110228,7.449655927492941,3,2.1702572918389644,3.3601910196173437,103.48088444080364,1,Air,Clear,13.850618983164686
186.0785725415421,22.98627741321083,2,0.5100418875536223,3.6862017103365767,98.94784668534142,1,Rail,Storm,16.882764928505285
106.01453603549913,12.256429606616408,1,2.221949480671249,0.4398987541251496,110.32482460821662,0,Road,Clear,13.063849421718668
123.75649161063689,13.662095157538268,3,1.0533504869301353,0.9858978480605839,106.23797971388395,0,Road,Clear,10.245059883728914
188.28897691819498,60.38992584172604,3,2.753296876504598,1.4762151747027685,108.39970845067116,1,Road,Clear,19.3513546827191
117.32838544035475,21.414146656894758,1,2.5962678313987895,0.9958876315366695,97.69784823784543,0,Rail,Clear,10.92789681128115
71.01294753325939,8.926148482454398,1,2.7632339616773924,0.7559053716475324,92.42128234357027,0,Road,Clear,12.768574711739628
38.12370704242375,17.93499449477621,4,2.393884905860867,0.771574943127453,107.98075702029045,0,Road,Rain,8.40295009198036
163.04841999499496,26.153039553051528,0,0.9122635963689605,2.28783537985247,118.6160841845704,0,Road,Clear,15.178958821933966
310.88687935730405,21.57638023800083,5,1.4013857824712894,2.7627257594265426,113.27212526720123,1,Air,Clear,17.26854303230935
202.0131751219244,1.5179142994323,2,2.272328683966049,0.7744549261208629,118.97990444656185,1,Road,Storm,20.885503719897407
72.9863043281614,13.244210022778914,3,1.3083126081455312,2.7500704738682646,101.94438218648781,0,Air,Rain,11.00632018464447
96.98811784624189,18.49217578822916,4,2.2750823340418536,0.9922484254929492,88.36010689187495,0,Road,Rain,14.079591615663194
130.11465955880985,17.4557041199696,3,1.340396812431511,0.469388377735699,89.42575408474629,0,Road,Rain,15.342426224207692
415.9874005148539,9.517487126988206,2,0.9443236358780212,1.761814758054634,116.55483814616471,0,Road,Clear,25.595479441279352
428.65079831135324,21.83135193550036,6,1.7954095459738404,1.425196425562124,77.65667773755682,0,Road,Clear,30.828577035649804
400.67400207042675,28.73292641421926,2,2.215569398758957,1.8109018092128317,118.05708046807516,0,Road,Rain,25.165954468812608
173.18757841722888,3.0094171494188307,3,1.7929892182068967,1.7892535050972473,90.54838396551622,0,Road,Rain,16.45941869148686
717.278408385815,2.7202630378815416,6,2.1046682457482246,1.6544839721909483,123.08067962027269,1,Road,Clear,40.673325306319164
100.22552654504634,17.823225461411,1,1.595127545260827,1.301824539343765,99.15277849982752,0,Rail,Clear,8.8925095244444
127.10178687545272,23.077673945248854,4,2.445828322458362,2.7076463225398246,108.67084986707624,0,Road,Clear,18.59149435731369
266.55627619429913,8.435443428301205,2,2.1249160566117693,2.166730410322621,128.6205567791949,1,Road,Clear,22.636518502590693
188.87626401049098,1.6325373282187328,3,1.9365165852132922,1.0207454854876232,96.03822638733216,0,Road,Clear,16.767953699258307
195.29593024916323,13.409750544869175,2,1.5884292886889015,1.0004619276355242,95.83680372274513,0,Road,Clear,15.834257089835786
81.78064879003433,17.6416335075106,2,1.839318890344889,0.2976273696893849,91.66192961111129,0,Road,Clear,10.73147542044009
154.34485655863273,10.785304165971898,1,0.6275243042286545,0.3491590612929629,87.97860076961176,0,Road,Clear,10.019983970769372
101.21567289863366,26.590702293062627,1,2.1667991917088374,1.2310125225546151,96.0421081451769,0,Rail,Clear,9.742145369396853
61.23264763933791,16.889768919520854,3,1.011029323163553,2.4731429764828388,93.34190965169674,1,Air,Clear,8.870389277889064
109.26356320866299,7.7070038224474,1,2.650372400979604,0.6670087875792845,84.99691643041328,0,Road,Clear,8.656216198284698
188.90782483596428,8.381769786600149,3,2.5308594204749304,2.2365464021889707,97.47422670186435,0,Road,Clear,17.393165017721742
241.97367140523957,13.627287708834816,4,1.819886665516632,1.6112119119794501,105.39743883318091,0,Air,Clear,11.960120702629304
37.00136990583664,10.223319882566686,5,2.6178276707810397,0.7048197236035199,89.24913518885724,0,Road,Clear,9.787633687509018
158.795993488564,2.535531870832381,2,2.1770081095398517,1.465842552460837,98.0506023432807,0,Road,Rain,15.476701295194564
150.07934881891418,15.870558317763672,5,0.8531501122282832,1.4230091082712248,116.87805369478251,1,Rail,Clear,14.246114320456384
183.13342202519067,8.56320922152783,3,2.3519318865729724,0.7320592506938162,82.96562630581099,0,Road,Rain,18.466921094966914
73.95880642395467,9.783401590253488,4,2.989516164180211,2.133031002730259,123.1800070472393,1,Road,Clear,13.906662425587726
75.00523564980993,5.478502796640116,3,0.6024432718943968,2.6406872525133536,91.91171712434799,1,Air,Clear,7.854579023105902
315.60307939686294,36.25235920688726,3,1.1122985866535846,1.0952727851431108,102.4108492143104,1,Road,Clear,23.47001172958913
91.47173193278434,20.549947818929347,4,1.9943518709589112,0.5129065970702835,115.34995798835828,0,Rail,Clear,11.476951731184647
123.22918716371782,42.15233091339916,6,1.5379861333131593,2.729099564038031,119.01208257267402,0,Road,Clear,16.374490560007505
131.35770849269392,10.743377496847245,3,2.0938905163666073,0.3268865418391024,105.63784844336226,0,Road,Clear,14.866149518994122
102.48367629211687,21.361958049830452,3,1.9660108328469643,1.7160568292178278,91.66593378670034,0,Air,Clear,12.890234232297184
211.6559058674529,16.070624550610763,5,2.4699736697487733,0.6663288839294372,90.60626472675452,0,Air,Rain,12.928798019724194
201.2995575565872,7.96022868633278,2,0.6772573003518649,0.47296726986905474,93.10129097734821,0,Rail,Clear,13.254892112856556
145.98406923482412,10.658020725447491,4,1.6015401748211209,0.9004975465314277,122.67107852157346,0,Road,Rain,13.418331976982186
106.45141205922583,20.5236248243861,4,2.650134474224501,1.4216002501283391,95.4022539270072,0,Rail,Clear,16.234899137358823
138.91311584417653,5.471373403368844,4,1.406904763367404,0.5717168158584919,103.88352895187124,1,Road,Clear,15.22997162507041
166.94893197180178,26.767518854720592,2,1.7594720131756134,0.4007224441029408,87.47491327202538,0,Road,Rain,15.909979714543633
97.06786683401259,15.130565596279624,1,0.5539465657340832,0.23055005341083437,86.12387323708997,0,Rail,Clear,8.342549214179561
220.84250574727722,24.444562558426504,3,1.0604347377107464,3.8151859882312618,100.3167066886117,0,Road,Clear,15.597423781628349
277.55498364157233,17.69108111182419,1,1.6591378039558664,1.8174247102138883,96.1030678834588,0,Road,Clear,17.644231588478217
346.0196941624156,3.0344528314094186,6,1.4974203156608592,0.7093103084604975,96.97953209971796,0,Rail,Clear,18.909768160330316
334.21600030444375,13.251795755062114,3,2.2866371922753572,1.8830766240907093,82.25116218464213,0,Air,Storm,17.70792305262315
130.82921611877146,27.156628265053104,1,2.029699953978861,1.4110086183904187,99.1181527243278,0,Road,Clear,15.987401000576504
171.9683033687006,14.968950009807184,4,2.700706305411247,2.2922189444527983,118.59124199960172,0,Road,Clear,16.238958067803768
144.26584878524727,13.507083221439025,6,2.6369267542435026,1.1653897607783807,89.76354400343891,0,Road,Clear,18.362594645298458
143.94036742562088,14.958315778887904,5,1.1030496019157738,2.581098016253548,110.76922249304087,0,Road,Clear,13.582134684341565
138.3042750505796,2.3210228310024195,2,0.5440968225846774,0.8000886316992933,70.0,0,Road,Clear,9.791854417716914
160.590236185817,29.040674345033395,3,2.6361769242594058,1.6013263118958017,90.37185765496062,0,Road,Clear,16.10373295437508
303.48858764509424,1.1585584343125113,6,1.3228021602625823,2.4704049008473974,77.07531214508651,0,Road,Clear,20.885245429789425
192.29413204096645,33.09194394272391,3,1.3677742731015001,1.6602189179488207,114.83444466731582,1,Road,Clear,18.324779917666785
71.65423015042786,10.154416984410096,2,0.8959869954961853,4.610511446654891,110.54533269954973,0,Air,Rain,8.95767616116373
270.94338769790085,18.570847245426226,2,2.2325181653680817,2.2616900831013185,87.58800075842834,0,Rail,Clear,15.48875627500922
181.6419030426444,2.099037694444383,2,1.200272295901987,1.8602545665570944,103.47132581443148,1,Road,Rain,16.858368237279972
213.0630127626187,22.90787329224484,3,0.9418577526556091,1.0367305843453103,114.42051315149186,0,Road,Clear,15.888064431405045
190.05883559820526,20.31356029412101,0,1.7584768526539456,1.6268350350663514,116.28630027478896,0,Rail,Clear,10.857421727802512
195.21292278099924,19.466788356391874,3,2.3760397648036062,3.100479050074691,95.1305120683214,1,Road,Storm,24.641003399515746
200.5234025573153,1.9895105429321644,4,1.1739964938124208,0.9330044259694538,73.49372584400837,1,Rail,Clear,16.367166097178075
43.57587014135128,7.084924166321469,3,2.305097502472127,0.6457919031147257,89.21752040244499,0,Road,Clear,11.641968228787302
211.49699857509444,17.757148426746575,4,1.6549377741776783,0.937346787233924,109.1937351390909,0,Rail,Clear,14.784943091166591
99.87892650589454,28.518505558628984,3,1.5094318080977547,0.89674428125814,125.18673008630057,1,Road,Clear,10.719318956123622
117.10631034138508,6.200481237994979,4,1.3988021703404228,2.0463459239074626,99.34809998114237,0,Rail,Clear,11.99819440355425
159.8119672805704,6.353943720133442,4,0.8639524132986496,4.256411799526679,92.71813857144986,0,Rail,Clear,14.255464359346147
376.4585200449305,16.940560393423056,8,1.3315844171230689,0.34332679881484807,128.7923378511881,1,Road,Clear,25.690099614800648
80.51419779117144,56.95836587374483,0,2.6981288265687047,1.4412094920697491,104.86879185604754,1,Air,Clear,11.502631301287492
156.53617571600807,8.078719310604006,5,0.7554173111801467,0.5740703545023671,85.26678392925606,0,Road,Clear,13.226843795903296
136.2198935901684,10.057343584205475,2,2.8957500377545067,1.7691545573288854,98.57310855901008,0,Road,Clear,17.70667634411377
268.7317285006916,8.908646742543395,1,0.7687413187195448,1.9220185457465018,111.99913176019221,0,Rail,Rain,14.871803722022968
133.8604805623874,12.278181814564645,1,1.4050791057483845,0.9001729470215429,99.15550978811822,1,Road,Rain,16.137256589070724
182.87218829564893,30.030541144190348,4,2.0157654345013603,2.086527430683002,109.53232702806267,0,Road,Clear,17.311102366455035
80.67744365721022,12.779868653130247,2,2.5946035090203714,0.7800405043564806,80.73991159604554,1,Road,Clear,14.003796309379656
294.4768141213104,60.48866444487069,6,0.8589570451850099,0.7789221315311343,82.78991028972331,0,Road,Rain,22.957303074379237
57.456719819870486,14.575946113662699,2,0.8527555601460797,0.6802285314747323,91.18172747027587,1,Road,Clear,8.351090269406406
209.83040493678376,31.963126262991164,1,2.0709453116543144,0.9457195642214352,96.61367933025691,0,Road,Rain,17.98391786976862
183.554206993425,10.66049577610842,3,1.231866581011945,1.3363875394507128,104.00738585046014,0,Road,Rain,15.681242748680793
199.55694596932403,4.463034129662518,3,2.111255242544976,1.2258524968074,107.64112293795573,1,Road,Clear,16.480646646842835
58.08134872100188,12.763922232565667,6,2.551458007323827,1.540807197276219,129.5933657506141,0,Road,Rain,15.311898803102263
132.1433011676872,19.67048630891806,2,0.6921762774688627,2.011772717679445,91.13731848240447,0,Rail,Clear,11.030618116738118
261.35184984090483,7.139453716946175,0,2.6112353076944563,1.555910593603235,96.2321320107315,0,Air,Clear,11.821673478107185
408.06903037497364,28.68177225963423,2,0.5939633908861035,3.765668537082144,91.47213708393679,1,Road,Storm,29.97334428281247
149.48732355654687,9.265262806012801,3,2.7470654632220324,1.4103921558342156,112.95266012927608,0,Road,Rain,16.850384773776042
247.50694085064538,5.480545392331025,0,2.939045354000079,2.345575343908077,113.60740471437576,0,Road,Clear,20.792960555601773
173.15724971051665,53.27257543510307,6,2.168638006151957,0.29690699330203596,94.62813376963983,0,Road,Rain,17.746326787970947
154.26151578636453,6.819974290346084,3,2.9606382623604346,1.5410425200382214,124.78894998644158,1,Road,Clear,17.425212430989102
122.7289645853671,9.044362923235981,2,2.5549796053215097,1.214963779221267,91.49321204104098,1,Road,Rain,16.2035864539105
160.29346067599872,21.9632116731843,1,0.6109137503345323,1.1308690793532854,112.35901461056353,0,Rail,Storm,13.304569735596523
235.04364488214395,10.373173417327061,2,0.5095273605061672,3.0581509275988523,117.45427073200545,0,Air,Rain,9.156161141639755
246.12367777831247,5.663899205971408,2,0.5519962235556639,4.729938736730216,83.66104247547969,0,Road,Clear,18.047951364304463
66.94662435609715,8.327753639852046,3,1.6297673997984516,2.0268278516554044,106.93158749441085,0,Road,Clear,9.16030190930222
115.78127673660043,43.97786828354072,8,2.058456527794161,0.2271295134987059,70.0,0,Rail,Rain,12.864586860958882
77.89624793129488,20.161742731841624,10,1.7036795567513225,0.8618535591990025,109.89054826760268,0,Rail,Clear,16.446167299107003
165.16655472244497,22.987088594511643,5,2.1928258145364055,0.35375265472268436,86.78073015153919,0,Road,Storm,21.8520039225003
129.21445274573546,16.350984660986146,3,1.6240065852821965,1.5109402484116066,106.80963536795778,0,Road,Clear,13.109361747935168
195.6645808350708,18.393780285156613,6,0.6064095077759717,1.8448321816711777,109.0598640156477,0,Road,Clear,16.536003437512967
203.60768331669578,9.75885212506845,2,1.0654167621275517,0.27023491575796715,113.44166175467544,1,Road,Clear,17.565496340369055
27.347664915273185,14.901408319737897,2,2.9815605915117755,3.4287034869342046,110.68258420081213,0,Rail,Clear,11.1329954318287
159.54649243562096,1.7886050269032527,4,1.3646595942466622,0.46609744084934807,100.67073990941931,1,Road,Clear,15.567881318098902
306.85300158805694,25.994836116884432,5,1.3119143443618235,1.7831332468789363,95.4342818661226,1,Road,Clear,23.046583625721233
115.81157884098013,9.687417417486216,2,0.8819801225479358,3.378681766376207,99.10732803996885,0,Road,Rain,14.57649967868859
113.6485698135587,4.844061339750471,2,2.967859305297399,1.532922105103529,86.60798182459435,0,Road,Clear,15.794648389624875
277.3755388678021,15.533920909714153,2,1.0761483039814967,0.7385468519328717,97.45974460624858,0,Air,Clear,11.836899746494666
252.6341103096045,11.607037964078701,3,2.1170664181346335,0.7013291232652916,96.511652220523,0,Road,Clear,19.156013794844405
83.49795381618142,25.371833709326317,2,0.6051186453804884,1.563848801471404,90.54137807396701,0,Rail,Clear,10.898579873100351
238.66904452525463,12.978597355648414,1,0.666180825158388,2.3489074860917896,79.1056813828977,0,Rail,Clear,13.066040525896286
96.32773519776782,8.177845587611358,4,2.2918792433000466,1.7378623252791348,84.67676658874902,0,Rail,Rain,15.939061895275149
112.89015144405109,13.21706159226119,2,2.087920407116811,0.6877204177184868,70.0,1,Road,Clear,13.565936891632758
83.44503923853682,34.402529678140866,1,2.2004059890516388,1.1921855915428354,96.30544969728578,0,Road,Clear,9.356348285511277
66.56681654047554,25.943653438467788,4,1.07742601786568,0.6067861001166724,104.32598377959638,0,Road,Clear,11.861313418300986
170.98548852459948,20.12520157428015,2,2.962222456305602,0.6006647459685469,70.0,0,Road,Clear,17.273890902817172
59.43562181506254,26.70672247984221,1,1.895937905395614,0.5720885255968259,102.84057735805538,1,Road,Clear,11.93773459990946
175.13513155768936,21.216005828883816,4,2.9238704306717214,0.9929830987223073,98.53031006669966,1,Road,Clear,19.010362373315346
171.8780602877133,6.394175228510414,2,0.9104263824384504,1.2919156381243422,85.87893085939035,0,Air,Clear,6.637960738040106
145.40943908008953,23.114804252162703,3,1.5127487746031996,1.410183376479976,94.8255375090234,1,Rail,Rain,14.071980528726337
119.31303025344714,28.858684576529193,2,1.3392137974711544,1.6709213331028818,112.60964998260798,0,Rail,Clear,10.683037538835787
104.80526827409737,29.94877710931824,2,2.387687316764656,0.7227665169058561,88.30973127123814,0,Air,Clear,9.229982497041458
76.27536097005759,5.234987836147244,2,2.368928590262728,1.3129455689133014,100.94621290902064,1,Rail,Clear,9.666864424611534
347.46758662680304,9.06593606327921,2,1.7163594832992584,1.4392591648751951,104.1591508604235,0,Road,Rain,25.937596129787803
141.47411365224633,7.991580540315257,2,0.5403700105433408,2.876116539054882,90.1335123229028,0,Road,Storm,14.726147160094841
138.5690974023341,10.57926429225862,5,0.9380142729498613,0.28014178819354635,112.09925206709502,0,Rail,Clear,12.129295067589936
86.18827311081708,18.680392762893,3,0.6256641677741597,0.37000023072655674,104.84609133742728,0,Air,Clear,5.012659362439141
327.1551340763735,15.24879745925827,5,2.617536423122947,1.954346971618941,96.97706873973452,0,Rail,Clear,21.08944375987372
109.13361479850445,15.252085391688443,3,1.2244289182444177,2.101757050435894,128.35888566300997,0,Road,Clear,12.984330090510483
185.09078180422975,4.0041234061068245,3,0.7948065922516829,1.9601847473302294,112.1509412462218,0,Rail,Clear,12.974226455590982
206.23835167242075,8.790696894926057,3,1.3854309132039777,1.9455659585095741,79.76606937174598,0,Road,Clear,15.687054285649104
171.0621031060999,31.426004185102286,1,0.6932232904159068,0.31062093141221103,95.33011114640513,0,Road,Clear,12.564720773031784
58.38899600525092,28.775516649909815,5,2.947142837247492,4.261531875037682,129.59971129332862,0,Road,Rain,16.73402800562005
232.91858540568518,12.813755895675081,3,1.2875197533694975,2.6575456077767683,88.21382228390857,1,Road,Clear,19.492714129314866
108.41366566933945,23.158011661482163,2,2.832666747224508,0.31574529529928486,100.79600551397894,0,Road,Clear,11.60381068575524
251.2090682185535,17.50840451360031,3,2.206821727151314,1.0722910450200838,114.77192051951552,0,Rail,Clear,15.499122276772153
153.51726258270108,24.91182468808477,2,1.9152674685599833,1.0250928198350442,107.82785905246155,1,Road,Clear,15.553568311920294
213.5127920104887,23.854215488669073,4,1.6887424928061419,1.220855191762264,109.55763214864942,1,Air,Clear,12.974815211113
315.1429330277708,13.600259641597628,6,2.2184502670084694,0.9234110302176805,108.85109642220044,0,Road,Rain,26.42828154040343
228.02669238538067,20.211779057546664,2,2.215688333865421,0.5002919802682836,100.30471271987508,1,Road,Rain,22.083729916179077
216.5080407978416,18.33376169147023,3,0.5263026519019111,1.4585916967087815,90.4922272871563,0,Road,Clear,13.713335586649892
238.94503825026564,13.871243891436054,3,2.769459363820848,3.003510037453413,105.21717030987455,0,Road,Clear,23.335648163734994
94.09050897817198,11.727937409867643,3,1.419908551094131,0.9008840357178504,95.16668047489308,0,Road,Clear,10.406027015581556
257.25102759330355,40.113425115915206,4,1.3831828038574887,1.6611902199005575,94.22378558968109,0,Road,Clear,19.83302302664641
134.83030818091285,13.88412335556898,2,1.5164763597074855,1.2481329396740986,117.78966264563905,0,Road,Rain,12.30639327138915
137.57934791845443,22.18862804854807,0,2.213207013272335,1.9449091431991807,95.42804810107789,1,Road,Rain,16.294572926177143
167.86473701864293,38.1323090992142,3,1.4400443401242176,1.164862914099094,120.47356482887956,0,Road,Rain,16.964761668838413
127.14903306509855,20.188411641362837,4,1.4345776548180071,0.7953055418792294,103.08119609378565,1,Road,Clear,13.314071840325902
81.36746613238738,19.5639504167651,3,0.658662199071109,0.9419577696208784,98.0902272223118,0,Road,Storm,12.295427291383723
160.30476777434765,13.944183369549846,5,1.5416041610673208,2.925285251998579,78.18925931309249,0,Road,Storm,19.829128776090894
137.9879973179304,18.566573215827546,3,0.8736961926093846,1.3700686861803608,125.43826873526112,0,Road,Clear,10.465498382774188
134.963155781907,10.982376949017334,7,2.6389731351494508,1.3366600201786247,99.92836533694674,0,Rail,Clear,12.189469276467369
150.54683502584135,65.4905032233071,3,1.3362777079932164,2.8636635789006135,72.75064246595082,0,Road,Rain,16.96770860978108
29.92183803670999,4.0970891522876,1,2.902168495154176,3.2260657450043846,111.85270758569627,0,Road,Clear,14.771928462366851
135.58355017764106,12.29477158977237,3,2.211320006417455,0.1227901001301168,99.39769825555479,1,Air,Clear,12.128746348680766
337.1511060033422,20.419418405051076,4,2.390378837068309,0.37927664334043787,88.82409457480274,0,Road,Clear,24.27916799463936
322.35372780143877,19.5761803244921,4,2.869377953506864,2.314845349693659,111.1742009780702,0,Air,Clear,14.049191176769963
163.67535658573766,10.967627582792455,3,1.0973369145416627,1.4180359668966593,70.0,0,Rail,Rain,14.778167248324356
160.3722434812896,2.7517349598802294,1,1.918227424230668,3.2342506329017198,91.43085766808548,0,Rail,Rain,13.659005038407177
23.353040162701348,4.780476986807519,5,0.6018145112364055,0.2818633226537925,96.40717128797026,0,Air,Storm,10.438020297245922
112.46295757103648,16.031269043573037,5,0.7518967198892355,1.5728748164244388,110.22625536532945,0,Road,Clear,12.166951554549968
237.5882778614446,1.9294094435748075,5,1.4164672999219698,2.0163831583524536,126.88301853677808,0,Road,Rain,20.05401945111397
125.2274391232389,21.422891203186666,1,2.206254626562351,1.0381356281214624,97.06277424301217,0,Road,Clear,13.687523702515723
283.6520338682742,30.402014185825887,1,2.579234006013836,2.223506576578774,105.51933033762063,0,Rail,Clear,19.04770848936033
274.0689858198843,24.077639962483364,2,1.1410105061836822,2.3459554740733273,132.98065953751782,0,Road,Rain,20.39673702941782
111.0505003849889,27.365083662682153,1,2.3726930340940178,1.2595669015262103,100.05684169472732,0,Road,Rain,15.267118142000117
171.08437534244618,2.0204534159253305,1,1.060727893620125,1.1946587881911157,105.61838867227945,0,Air,Clear,6.430567863728476
352.0600397855531,11.309783236539477,1,0.5151390152908276,2.505197029517876,85.15178202993357,0,Road,Clear,20.41632029972412
57.41504600601973,5.960020845910523,7,0.6360325623893357,1.5510561652610955,123.51000593970357,0,Road,Clear,11.149538754696414
126.98180513222783,3.2714166336823607,2,1.9638965570143034,1.919746239539923,91.4442838613722,0,Road,Clear,13.206098056182439
53.09305083390107,9.537511722552619,2,1.7428688652357842,1.5451569832979173,103.22285554216066,0,Road,Clear,8.785865042549943
89.60794700354658,37.520476402274575,3,1.1760630698235806,1.4886210158108728,102.88282944543757,1,Road,Clear,14.054058368161755
409.41882797221047,44.332779156812016,5,0.5163696465070664,1.1924118448994105,101.02405986418161,1,Road,Rain,28.7446711222795
126.9547089797881,6.672190152814785,2,1.9200258731335031,2.0104202343144055,94.78823586515895,0,Air,Clear,7.551488788950914
36.40714414234207,14.62288192687101,1,2.544016592074129,0.669748737646866,102.89591494007934,0,Road,Clear,10.178488895278695
80.79296648221151,18.38167641158621,5,0.6713621948084463,0.2967413812842263,121.08816970252359,1,Road,Clear,11.305535053556618
48.849561013535784,11.373691332687686,3,2.341186143484519,1.3346824827008392,127.37120771095579,0,Rail,Clear,10.839172537197339
175.00868992155876,31.855259883169925,4,2.086356504910169,3.2671688332608664,97.8982855129087,1,Road,Clear,19.47914877451851
204.4883993254681,9.655735588330728,6,1.6983869305028372,1.552764657715537,94.6064405318648,0,Road,Clear,18.032279070072885
259.2011267190242,8.392846003359956,1,0.6208533874401305,1.109218184072189,90.29482687087118,0,Road,Clear,13.293705925184403
230.36226431287585,6.988022069417898,2,2.808928540980739,1.0001660064441287,132.23362727646776,1,Rail,Clear,16.997473968906043
59.48262808692399,11.311383461460009,1,1.6936024723168568,0.9480347705203453,101.54601877956185,1,Road,Clear,11.907796288068619
198.53437399105263,0.6220168564777869,1,1.4990174022030103,0.1,113.38051083484626,0,Rail,Rain,16.299694919972893
146.5798016802513,11.735351503291527,3,2.6536885052193373,2.968534258183679,108.35992769534992,0,Rail,Clear,15.205109017663471
280.40877214941605,15.29096378618793,3,2.6139455724593446,0.871454727347315,126.5008203841925,0,Road,Clear,20.12409568312904
245.32466098044839,16.003988608301484,2,2.3181523825000596,1.3535334128831016,97.02759666301078,0,Road,Clear,19.122340380140376
439.2114768872559,5.636978709956785,2,2.5733999572500212,1.0581300905764348,86.7151802916848,1,Rail,Clear,23.612755533730084
85.3055425998486,15.781937643556615,1,0.8108212024573515,0.7543477379749501,122.31342102024463,0,Road,Clear,10.055664772829102
77.09633717831613,15.54362333947594,6,2.4022888877008546,3.071249793572063,110.83967733569757,0,Road,Rain,15.205016956498172
116.93419482672671,15.79608733611324,4,1.3200852074603195,0.5215719546050893,105.47539722785501,0,Road,Clear,13.030913052015013
150.1754533723814,24.396044718156887,6,2.6687369836706942,2.0593983797221496,118.42231151696724,1,Road,Clear,19.09107239931582
102.61513338308761,5.422784208847639,4,1.425578664967148,0.34517513928753263,106.1599658265792,0,Air,Clear,9.353042717130272
88.37093467780566,11.47997768906483,1,0.6357598803001886,1.2003459623937551,118.83880828767653,0,Road,Rain,7.249265254260193
190.95610486022616,2.5528753220228215,3,1.535950591925914,2.786929657656332,102.95910274610807,1,Road,Clear,18.031102041183857
116.70512829082739,22.872976028865548,4,2.3919425876909033,0.9162623216369156,110.82338589642261,1,Road,Clear,16.655595678138287
99.77505348193031,6.230045671758118,3,1.7523301524484933,1.9326874299261025,106.31669590533384,0,Road,Clear,11.472554250961643
59.40050969392735,26.983711669396165,5,2.409084779522421,0.8825583396285833,96.09659517963728,0,Rail,Rain,12.656874526107217
25.301440524062677,27.62555327595401,3,0.5881843521652675,1.0355982784374826,97.53531467995009,1,Road,Clear,8.786792204509934
328.0940087459171,12.367848206404187,2,0.9429105090025726,2.254242784485198,95.28565341627775,0,Rail,Storm,21.939537195225014
322.68510981903194,11.874727709012438,2,1.909019827606985,1.9634760233149309,103.185845143796,0,Road,Rain,24.04410476142835
249.57491889774337,3.7457956148353433,4,1.4632843846190788,3.2909403407628037,94.53037112321789,0,Air,Clear,12.378695213700588
217.0227295147484,14.273938284127716,1,2.2004393591754994,0.9131627444321216,105.2307947692462,1,Rail,Clear,17.695991721055535
109.88984095732019,24.251553971424645,1,2.9063855828010547,1.7112354987174692,104.82281880007184,1,Road,Rain,15.266227629628498
222.1332087876172,17.243899752100678,4,2.149654901751285,1.4119309378358085,102.46184960287624,0,Air,Clear,10.787719229777021
73.27771146941883,34.419397822419114,3,1.5434072372064995,1.7457894200776949,102.67022403684665,0,Road,Clear,8.625555914366839
168.626322597726,10.453982938434239,2,1.8559100461083518,2.6425773055627357,93.20609893065634,0,Road,Clear,16.09199600102208
94.23319093401787,10.44305343235936,4,2.7820662042404263,0.7860206701410082,96.6162835858753,0,Road,Clear,13.808510360933262
222.66396365563915,6.613138432212534,5,2.1824731166555322,1.662364174133208,79.95269408784624,1,Road,Clear,22.742630451426916
365.3052305099977,49.726631360820924,5,2.5079487443863195,3.0472877158075473,98.56156784437519,0,Air,Rain,18.020182891286616
80.5794602045592,3.7105334021951073,2,1.2537960227538338,1.4130089157657224,88.17026523854625,0,Rail,Clear,7.527263222266804
113.41014307918972,23.06929413077234,2,2.3608028920956814,2.2425510010833762,101.19822916939759,0,Road,Clear,13.881267612910692
166.75417298811843,24.59414471686289,0,0.8485784233496545,0.20164809522785362,91.42613053103845,0,Air,Clear,3.959809186751367
40.19937112405548,23.883331278911896,1,2.374439041013044,1.4607919363972144,75.39192641861365,0,Road,Clear,9.04146988865079
50.68564930212662,7.1086912122687975,3,2.703896482006061,0.9564853821748557,127.0293157560217,0,Road,Clear,7.509049363336635
359.3766984852525,12.362472632207007,4,2.7505811676335545,1.9421277266138501,97.22284751985184,0,Rail,Clear,22.253327763442766
191.44816725390734,20.8325170912003,2,0.7914751526316193,1.6701562789899602,117.3646943402044,0,Road,Storm,17.12174886548668
105.9833636019701,8.52166739522718,5,2.5747051314343357,0.6763884543945022,93.67612361717578,0,Rail,Rain,13.445447384399984
156.25366297931006,11.060756530321706,1,0.7748413069200917,0.38604878279586285,120.37739709169901,0,Road,Rain,11.026029812327952
117.24941655152882,8.64592871844572,2,1.6959923832069073,4.3609740673538715,86.17962563898098,0,Road,Clear,12.775829302795877
169.7355716329343,15.004274531273872,7,2.2063038242154125,1.7664354602177312,102.11237891026664,0,Road,Clear,18.28218579163593
120.0650051524316,14.285183562970055,4,1.710622778779373,1.7362667461757757,86.89252696422952,0,Road,Clear,11.095029380528905
148.94817031590387,38.5154364574467,5,1.349774005525368,0.7678251556613711,131.20891826353426,1,Road,Rain,17.770091581211382
234.03246212532875,21.15169640214387,2,2.2095528937396383,1.0610582616965247,97.00886230313824,0,Road,Rain,18.184058643794668
225.48695653110846,4.618417763430966,2,2.152196937767235,3.069381380119111,109.94143063546922,0,Road,Storm,19.640605271694326
348.1612478756185,4.97952662391646,1,1.9572316379139179,1.4345707715873206,105.40692911582609,0,Rail,Clear,20.148168315998873
199.40552377675937,23.351677895069255,6,1.8210716619418297,3.140061786502253,99.69381247857622,0,Road,Clear,20.39421788087092
162.29927104275663,14.171332775801737,3,2.2643497478058454,1.7709176400168343,106.21263837499627,0,Road,Clear,14.916444176126294
377.0127304459692,47.82198236578,0,1.5075926417528789,2.693622419084746,116.31007526398304,0,Road,Clear,22.99847339036369
139.57422535516943,47.73336759641184,5,0.6719206193558459,0.18433346184753358,108.01847117318732,0,Road,Rain,12.67126383852589
27.638221164049245,6.579819606936294,3,1.843636275478059,0.7327138638767083,101.94945847934714,0,Road,Storm,10.424174494634718
251.3290557089718,17.433934763004796,5,2.3086388806095917,1.4150536661299427,106.23187525574019,0,Road,Rain,20.60555170894075
185.81446974158652,5.0381155171071255,3,1.247899769040167,1.1312135784882529,122.98046422639342,0,Road,Rain,16.116207197469183
157.73434958274134,23.081047887131163,3,0.8518778453398308,1.9508116769352033,94.99827552305172,0,Air,Clear,11.43699071877082
255.10274502169062,42.16937900160394,1,2.7796029854052975,0.38666318904832164,77.75335714422172,0,Road,Rain,20.209595951303495
120.72187015823067,15.72337988235869,3,2.6593741618654896,0.39439569057730595,86.84198835225675,0,Road,Clear,15.14254286470863
28.916098534753118,10.163770042154969,2,2.046085548228298,1.8997140567228368,87.73451790673317,0,Rail,Clear,9.095917835953756
257.9593877599391,18.72838278670936,1,2.4665178842601905,2.6157959781973017,89.42464436352017,1,Road,Clear,19.971767476886374
103.55033275585045,26.411675318053117,0,2.922013286936054,1.056215624165253,89.83711622180797,1,Road,Clear,14.946650010725813
82.82912553555494,26.532424106431257,7,1.923147451817102,3.3556244134583455,99.71680509821167,0,Road,Clear,13.771118830296542
30.341893267779753,10.254030021674508,2,1.1104542115008496,3.8799324626322007,102.96901514672557,1,Road,Rain,13.84769701314184
245.8113572933105,8.346124444716603,3,2.0970299763315534,1.311091435996469,102.8400607055064,0,Rail,Storm,21.573397305365745
19.245004209065797,16.766929195102193,1,2.7864841902511346,1.0272455057465322,91.23666503769775,0,Road,Rain,10.794898309866912
313.75045427052476,10.804115842062687,5,2.2253705034962,0.8486883135823832,111.92680081353767,1,Air,Clear,17.123524479329845
128.30813342238127,31.862983238782164,2,0.5656009778735078,0.7281528166477342,106.4134698613424,0,Road,Clear,10.097022084517134
252.48688877879195,10.702388386367872,2,2.7928315096562892,2.1649285808352956,118.97570364948973,0,Rail,Clear,19.229533060034345
202.93252757024328,14.897348060402086,2,2.38418813813492,0.652352209759083,110.1611324853606,0,Road,Rain,18.046924243901735
415.77238406748825,18.398297332730685,4,1.504577533493495,0.5545559140306525,95.80561889693475,1,Air,Clear,16.867428958308736
199.74522404525382,3.8476322638066325,2,2.9687297233726646,0.7003553221813896,115.66585964358995,0,Road,Clear,19.02625887174824
307.27352421295416,8.93991938378135,4,2.3041983320888675,1.3207555537000673,103.28303303575426,0,Road,Rain,24.44448974031139
111.10649178666526,46.45556814224221,2,2.563602704589229,1.3914557769246665,109.5757434265666,0,Road,Clear,12.575875919392347
50.526405445651896,25.657507731215176,3,2.8579163981245923,2.0842830794438285,108.64515681636803,1,Air,Rain,13.272616465288815
274.7440517327873,10.589515410655562,1,0.5989461618026652,1.2303926786245398,98.50816200064311,0,Road,Rain,18.89550367512303
49.35365796113244,23.146404216721113,2,2.436049610091697,0.36189574817145953,101.23924456516725,0,Road,Rain,12.269819789357207
244.2718135396812,31.513276517585243,3,1.465866088394505,0.9910206568872119,98.42350441534961,0,Air,Storm,14.2226107416916
76.10785836565783,11.921994052475004,5,2.672687532246937,1.34581314975682,89.76464454110165,0,Rail,Rain,12.83949079330156
187.94968427987308,24.828929950995914,1,2.6972396398330822,0.8066661386904004,74.26366266453202,0,Rail,Clear,14.613150966453535
420.09655370711897,22.471555342140093,4,2.5715461762567315,1.6660199093372368,91.6743333667958,0,Road,Clear,27.831821361119136
233.50341871765724,5.11604495361353,1,2.4480014641319836,0.1035844151562497,102.38998787759664,1,Road,Clear,18.99685996811061
139.95246482887032,11.972922385552337,5,2.485707086562332,1.2217994584028475,113.02701855068469,0,Air,Clear,14.046366677644478
205.68205118863025,39.186208018627575,1,1.2413812518040188,2.9708038883772527,109.55187986137966,0,Road,Clear,15.380360035240228
113.74237154174595,45.595499234108296,2,1.5163205153159771,2.565722532763087,96.64464286014115,1,Rail,Clear,14.07889533765339
509.79593840524365,25.801280054708137,4,0.7876372267576524,1.46950668579467,91.83788039415649,0,Road,Clear,29.176474635153685
98.4414437358332,8.693468828059999,4,2.5764788046540352,1.3817039810636218,97.84150970448539,0,Air,Rain,9.967834039341309
149.5424867521676,1.366479478490857,4,2.1150161895616466,1.8373563435488778,88.29992243705858,0,Road,Clear,12.988780153213197
221.6561857601409,7.743801567649831,4,2.0317917877915463,0.56040478549765,74.61676447180113,0,Road,Clear,17.29651831641122
197.09685690716537,4.4824613301121286,4,1.1151950977663696,2.427002618392584,81.45826450030303,0,Rail,Clear,10.707187524486681
210.160194432062,41.09838489220297,1,2.0375902101289753,3.289635123284096,116.49689629793781,0,Air,Clear,14.299036946049364
115.27968920088955,2.4844245722838116,6,1.6363793129528852,1.2167951045906755,122.28741886526188,0,Air,Clear,8.897030065240427
136.3844916987823,5.24959962959586,7,2.988172016664042,1.4683952158683855,109.04729168717672,0,Road,Clear,16.184710037234986
267.6193178703609,16.517690304059467,1,2.6576706818435945,2.103823034805985,99.30216849699858,0,Road,Rain,23.567062375289606
260.1909086071293,14.096997551475456,6,1.8149572047663929,0.7457225008559276,83.28423552819952,0,Rail,Clear,16.57741639317168
199.84786848298356,37.919378266144015,2,2.521138918246688,3.359515660290031,98.06641569370157,1,Road,Clear,21.673747044478972
328.67559490343535,21.516649242096047,5,0.9112625021458458,4.296155957909643,107.34207097208454,0,Road,Clear,22.235313140754773
273.6389987888908,12.655369721077498,6,0.7535012478165038,1.9447813223838804,109.95857526992782,1,Road,Rain,22.454066004731732
255.76141162187764,32.25443745550775,4,2.07662699918841,3.536524902793214,108.26573200978001,0,Road,Clear,22.501023537057787
48.62487505115346,10.351180729472263,1,2.3169645698472316,0.4974269105110145,114.51481681229518,0,Road,Clear,7.90790361139777
198.44056781708227,39.962982007964335,1,0.6326410982986698,1.6265982766157163,123.31542717053458,0,Road,Clear,14.561534829421127
178.0040074341254,6.87172001286217,5,1.002408377994551,0.21256578104646384,95.13973177911862,1,Air,Clear,7.218140659771571
352.1690880439234,13.713275344480119,3,1.8431699423061843,0.9912250731610914,133.66374457723717,1,Rail,Clear,22.892041885589357
11.416312311854316,1.6542461430394881,2,0.657041498972062,1.008882184060224,75.760749419591,0,Road,Clear,3.966795270915325
144.40368479005792,26.716140760061453,2,1.5601320907092493,0.8188267507749329,90.66026265333764,0,Road,Clear,12.708282890162286
169.40656327047458,15.843152322459803,3,1.7051994486457527,0.5054587638057052,102.40000304097703,0,Road,Clear,14.114780605712046
75.40540482625681,40.03341752914466,4,2.8045243303458562,1.9299982666437168,106.58831107142099,0,Rail,Rain,12.41487234304174
85.9973503255183,11.638414948146265,3,1.2891912409897017,0.6977882745994166,97.82037215528091,1,Air,Clear,7.905578241397019
352.7965154561282,3.7905461980407615,1,0.9216711835875862,1.9314251376433713,94.05080872304025,0,Road,Clear,21.665249835162996
209.69457572491183,19.62162651417581,4,0.518770646797436,1.282647396794748,126.43102496805955,0,Air,Clear,9.458319935643976
420.62314791637334,9.158730556478204,2,0.8040202651091212,1.6953212900499584,93.47772908686228,0,Road,Clear,22.93267141532104
142.77659252555006,24.155243458080065,2,2.3771649970528945,0.8842022237329736,87.76751248923476,1,Rail,Storm,18.991884140241545
57.80505202230086,6.999394424147635,3,1.6123047061653666,1.2733267608698042,120.2899078345864,0,Air,Clear,8.427467402531079
130.30914906921802,35.410207719948275,1,0.996812606841413,4.794806041937643,110.1898322939152,0,Rail,Rain,12.488285654343205
116.50056110044561,14.889507219534828,3,2.8325692358051677,1.6554311292101056,113.13660666097245,0,Road,Clear,12.764929683323839
238.17107052732305,12.69314861119297,4,2.4688457960968107,3.365895169857282,102.35045485090639,0,Road,Clear,20.682820971355607
232.73026897217315,33.85538006808628,6,0.7859117283746202,3.250669671311969,83.48815971006513,0,Road,Rain,20.03682153681404
215.73452209164822,26.98602246949287,5,1.1723933872333738,0.424241272359708,101.01543657799104,1,Road,Rain,19.373421594189935
492.98783847007536,7.860330001524981,2,2.6236037063157394,3.244353180242608,81.83574886346584,0,Road,Rain,31.96945562397172
318.0736268768268,26.45760551146692,4,2.23107916949355,1.272695662479195,102.90768478713684,1,Road,Clear,25.57479106958949
90.18722037617204,22.840603864951365,3,2.8638630356559283,1.0078183927927216,107.84083520536491,0,Road,Clear,14.932371261804121
278.70024724834644,13.247099423911422,2,0.6906235951741007,0.5763051253807369,112.90503625099458,1,Road,Clear,18.016139396751377
162.7613371908815,25.019621996881543,0,2.4385280572968253,0.42728966178853106,98.89134280238912,0,Road,Clear,13.867486671411458
140.34675369080372,35.305628212129164,2,0.6910285396089112,1.8929027785901107,108.97707573263096,1,Rail,Clear,16.15468881141049
340.2977271364976,13.54626845463856,5,1.3416548392304568,0.4123521969151647,89.15385351596235,0,Road,Clear,22.30233610250489
86.28134887240665,13.581325829769044,5,2.376671920438315,1.9490670502022043,111.5995774896128,1,Road,Clear,13.576516116564681
268.2879875754104,13.025650039512866,3,2.2775249356315723,0.13406594673623062,108.09493523295902,0,Rail,Rain,16.976310374060603
244.72287415546933,7.592244141906304,3,0.5052945578506083,0.6199797662064386,90.39690883256131,0,Road,Storm,17.822073281743634
85.1474140889516,13.439856624288531,3,1.0048573321265115,1.1357519483888086,106.3643517229203,1,Road,Clear,12.17187655826417
47.2999251504451,12.328490562167865,3,2.4464341913839034,1.3880156558109507,113.07665452072715,0,Rail,Clear,10.461057428848516
151.96220565238892,11.781074353207547,4,0.8153687815368039,0.649599866759069,100.94375109017979,0,Road,Clear,11.34163229955081
9.987650618027224,11.64377822860425,5,1.315947264899001,0.46627354243592517,90.12984845331289,0,Road,Clear,9.581040180304537
296.8613555843043,5.236466871815211,1,0.9597237672408074,1.0404023069370136,102.13306966079087,0,Rail,Clear,14.797605026018026
197.99495612957665,28.840736895561033,2,0.778636338526615,0.8352979583892071,106.62940896260803,1,Rail,Rain,14.296000520601726
346.4137029125187,8.928170430419998,3,2.591564363307529,0.9236415053431847,90.03976659261076,1,Road,Clear,24.321890952384067
190.13371077573302,36.626838900263735,1,0.6533543621295876,2.018408222940077,87.90827273406374,0,Road,Clear,12.447357582115416
359.3174568333537,6.320867183673501,1,1.8401248708073101,2.909739755636732,106.2594681022716,0,Rail,Clear,17.788281638300383
108.63064674721865,42.20726877349143,2,2.231676279273103,0.9948185958347153,109.87981542130017,0,Road,Clear,12.376994471582517
215.3399527791513,10.755891496694252,4,0.6439755466359707,2.0198172630109137,125.79708817291876,0,Rail,Rain,13.11590923127813
124.31447627387614,26.67698298845571,5,2.0835669266202865,0.8564783342856139,107.98871946823753,1,Road,Rain,18.336186778298167
149.06861236769015,15.730535076410428,1,1.3351637881028326,0.8030285775073301,85.4910195882874,0,Road,Clear,11.32930340271601
169.05662022499988,4.58147504366229,3,2.5838630594352376,1.035484541040297,124.47740245990028,0,Road,Clear,17.03593680157552
197.62563687233924,4.817980799471428,4,2.494149055544764,2.6264672445640684,112.65984577575297,0,Rail,Rain,17.963506464978348
98.98638252747845,8.322233192334037,2,2.4847625930416157,0.3269506737066983,75.93674653997861,0,Road,Clear,12.784941407743736
209.40059583099767,10.276363357278607,6,1.496658710405146,0.28206939674692005,87.63651985277734,0,Air,Clear,11.62241257739352
163.97681604748453,13.872905683877205,2,2.5563704743760307,3.791652317946148,94.10129894914074,0,Rail,Clear,18.076213896826605
60.303446507387186,18.270415513236774,4,2.074955010027564,0.6323660783765164,110.05717830593747,0,Rail,Clear,8.600626404350772
41.783135345275575,12.531932225929621,1,1.4467089132538107,1.1484905189103998,71.44654042698515,1,Rail,Clear,10.48901322115516
297.48362997903763,17.57404859791189,4,0.7016748886385461,0.9174683387974153,98.57065100696278,0,Road,Clear,19.38806708465847
144.57321974587174,19.681525833575947,2,0.667047281696844,3.3086740482048698,109.37258626546566,1,Road,Clear,16.237587286088083
55.48502013223436,12.106046926376093,1,1.1285040860959554,2.6086209839194403,70.0,0,Road,Clear,8.741690818026434
392.09244939784486,22.5821800258324,1,1.2489616112616684,0.46153807209689685,108.96110103146037,0,Road,Clear,24.45575262717268
221.78286606523523,26.150293290098624,2,2.8188207286178604,1.397034341756291,110.40332142270249,0,Road,Rain,18.309429464294226
194.55386628486633,20.039584176379073,5,2.9998451346725252,1.672571765042793,89.84016956142061,0,Rail,Rain,16.77502669554161
93.07040003955494,20.85037841649728,2,0.8591846186254508,1.9795930711178782,86.16055278005084,1,Rail,Clear,10.149574379878997
59.65424437097524,16.46100262834876,1,2.856920599906801,0.1854597423459593,89.65247733010568,0,Road,Clear,10.398516818874988
178.15970385957687,30.548503269389833,4,2.266350029213126,0.2812889146807062,70.0,0,Road,Rain,17.293169965784127
157.7875825786785,14.114911199347011,2,1.7465204209163117,2.0796194004013353,96.0857212705516,0,Rail,Rain,12.759721576045647
76.29098130120289,8.448473627536096,2,2.886716598372261,0.40113240473082057,102.63515506903562,0,Rail,Clear,9.38583175851913
74.3764284103214,14.430630843893896,3,2.284232955803251,1.6523386271093299,85.36795843248268,0,Air,Rain,9.791133688193757
71.69891767360261,4.658199761690805,4,1.98413630529769,0.4855729761148818,111.66459499070113,0,Road,Storm,11.5294874599107
69.91271985080529,4.135730001040981,2,1.0238169100493781,0.3007966054208211,101.23080616786436,0,Road,Clear,7.37508738868161
106.27260142413303,26.23560052067817,0,1.1111098796769745,0.6129729094682972,103.1202129778414,0,Air,Clear,6.285937291709959
194.5925354015196,37.02055961743989,4,2.7787543401656136,1.245090958446785,95.1760400453882,0,Road,Clear,18.93245927400833
214.00754766890023,11.02312983119365,2,1.0375969529864644,1.599363802764925,108.91652737626872,0,Rail,Clear,13.105376006766283
155.81088950845165,26.406707913857772,5,0.580765035736645,1.7402680984790042,115.48672823027061,0,Road,Clear,15.689482312254656
173.32072292507718,2.1595796920454924,5,1.1655677447113644,2.2531091196168584,95.10977629034787,0,Road,Clear,15.924252377397282
219.93839235254413,20.084134113243923,2,1.7013892990305786,0.6443958370540582,109.13238125073948,1,Road,Rain,20.640734795440785
33.24119202781104,14.157706256059342,3,1.4549119018303953,2.1661474099167335,109.26432949393684,0,Rail,Clear,8.780629887469045
181.50135810344167,41.041757586858495,4,2.8395074965251403,1.3361122021308107,105.01444731809832,0,Road,Clear,18.665023012163324
326.0533778467823,12.703523925103703,4,1.5464351111012538,1.494767430606195,120.12465032927815,0,Rail,Clear,17.930122836218796
142.24287429779156,5.9100834928277255,2,2.7226317191620386,5.084484884316778,91.28212392759225,0,Air,Clear,13.01446893558314
290.6966438483756,3.591295696129225,5,1.9866573349731762,1.9208162184590094,94.94142021955659,0,Rail,Clear,20.860705136117577
143.87932480567858,14.422277764066267,4,1.8103116810296311,1.0761686574366178,90.67648748364996,0,Air,Clear,9.656238456785669
228.42180295793662,16.437131462414257,3,0.9004890816359827,0.9419958099357123,108.70025973689249,0,Air,Clear,7.183760629992594
192.26882415884978,12.116485749566626,1,1.1775797844505567,1.2544040844231645,96.73016482300567,1,Rail,Clear,14.930357492602834
70.85636734237555,26.80892778822528,5,2.6679169420475692,0.3443628568132169,91.65101033263777,1,Road,Clear,15.604036139284805
83.20387320883252,34.40759480916957,3,2.449893028706935,1.6509151791964012,119.95777152093447,0,Rail,Rain,13.066551668142864
359.30545091491877,10.928681712833091,5,1.6185584111227032,1.2428361370425702,121.71406976872903,0,Air,Clear,10.55822047450582
257.2110169518366,2.625603895309731,2,2.7725553856707252,1.4814539640804614,96.05568512486104,1,Road,Rain,25.0772220021194
149.93499378299566,17.64738802890008,2,2.5479467577171344,1.3314582829554986,83.5911031595247,0,Road,Clear,15.385549791864328
137.91437615715753,30.959101730577377,3,0.7802108328225117,0.3813987142115599,122.36220940418742,1,Road,Clear,12.921118063400503
93.49751449814232,10.967045968990634,4,2.0148262345057573,1.9666556169136389,105.64876645295743,0,Rail,Clear,13.146043672139703
201.96456137315482,20.84784194517593,6,2.4971080168520228,0.7867864995680427,105.04866850735509,1,Air,Clear,11.78433986738592
99.00548678180775,5.5260569690174774,1,2.5208603198354362,2.4333414076063216,101.26001211514688,0,Road,Clear,12.92835677640497
126.79637072994919,17.34142990067744,1,0.7283529447753158,2.083123163419787,90.39618725558908,0,Air,Rain,7.578131992093847
105.99182329902662,21.115757851457513,2,1.0615279238259037,3.6539349419555225,95.04057452873565,0,Road,Clear,13.935820598175923
248.1247650376304,17.69316931076123,1,1.5325982920222943,1.2513522281698373,108.13264050925366,0,Road,Clear,17.59717829357554
146.13454632687717,48.183991339210664,3,1.129077736102983,2.254400888717512,94.62927567359003,0,Air,Clear,7.9999750145427075
174.10503100422991,36.724956880953826,2,0.7723453667449882,3.925283148490706,105.19580233901863,0,Air,Clear,11.188654859713546
71.88574766645502,23.526742932613782,3,2.072001074152404,0.7303308798396653,100.16038692588195,0,Road,Clear,7.3099551649949
105.51289216096055,29.031548508547925,3,1.7686836288443244,2.634707415815238,87.31735622798209,1,Air,Clear,12.637907537580315
176.40958709978992,17.254664080773484,3,0.8874743857463847,1.8964487201015148,119.45356771367382,1,Rail,Clear,12.296643629665557
49.4341833162597,13.694997677472589,5,1.9659549906926919,0.5426956367873251,107.12839513074344,1,Air,Rain,11.21738883828737
139.4037386877533,10.06586059834102,5,0.6550373835161606,1.1395483843010206,103.96777211079599,1,Air,Clear,9.672423132896181
158.7356100965505,5.41850428053713,5,1.4576026481832773,5.603237002785178,106.66025464971274,1,Road,Clear,20.21768305891741
65.44646707266678,37.85007061370974,1,2.4812949088509675,2.53779902652939,78.48529949574001,1,Road,Clear,16.88380462727427
283.44907541595103,49.409624202371454,3,2.725124091413006,1.7712641301483107,94.0818447753566,0,Road,Clear,19.761861639706424
196.32092011850625,14.680546632103194,3,1.1130865819988935,0.7476790394924906,81.67239351487791,0,Road,Rain,16.34953582277096
145.47004942758886,14.868777423364547,1,2.648771997473034,0.13970702438675073,101.49623463749582,1,Road,Rain,20.322292985774588
100.52677228888325,21.732368490683612,2,2.7293944503189884,0.40621527799052876,103.91094645320479,0,Road,Clear,11.859189827355701
47.93538138483651,12.747701016604092,1,2.0172057615098486,1.2893880895179313,101.69606589896803,0,Road,Clear,8.177914645169851
271.28824158670216,6.062842265957919,1,2.9554447440619502,1.2900528554964212,114.14306984003153,0,Road,Clear,20.97083975706668
119.38904932605611,4.526957948853774,1,1.1154395559820172,3.013109847387632,82.03177342957181,0,Road,Rain,13.825942737606594
57.79758355138364,48.28262840807647,3,0.672435580255734,0.6036923309945923,90.4089883315574,0,Road,Clear,8.61852087318854
98.63351772068414,3.046964414825403,3,2.6086078797088916,0.5588311106825227,104.97217599375199,0,Road,Clear,11.866609974139482
208.5614648294144,18.176893894008735,6,1.7273266479988856,1.9170947880916307,103.16723988698178,0,Road,Clear,16.85958553642699
184.5350993188944,3.473589401180894,2,1.3661346977545545,0.9571959685224031,84.21483120538588,0,Rail,Rain,14.878549332542311
76.536878810275,13.230146623248997,2,0.6380820787272528,0.9484548018182324,114.35835841575165,0,Air,Storm,8.202518079531806
298.6177978161063,10.885271101773293,0,0.6615611970526212,2.814168045641291,118.51866546982097,0,Rail,Clear,12.39382755809486
57.213440768767335,4.061370007766041,3,0.7267911267047316,0.5287163710423691,105.10704408732558,0,Rail,Clear,4.477063048962113
333.36694007234064,22.261674071848397,4,0.9591063013891344,2.5360918930065193,81.89114321728364,0,Air,Clear,11.378681809086098
179.9044759934063,5.688286747617692,2,2.9260023105588897,1.7556472497635025,101.91670294466206,0,Rail,Clear,17.156565750870037
125.26447127305326,3.5492321797382305,3,1.203510355155375,0.879713921178319,104.08411079099277,1,Road,Clear,11.696080949603923
136.5244662865047,23.979416071088956,1,2.542618251130661,1.25966214428703,96.73789220358393,0,Road,Clear,16.261309585921957
167.82528487752,10.923151326476573,6,0.5485344509986052,0.6606992689839886,116.16693553697323,1,Road,Rain,18.28508635185667
218.00609879783752,7.695546572417972,4,1.304537652745502,1.1056100396880992,98.6087360723482,1,Road,Storm,22.177834613358776
41.40938979575118,24.998556776977804,3,2.7654810824651115,3.784655395009867,125.25450824867787,1,Rail,Rain,11.742004400513562
96.47684741024989,5.429429428097456,5,0.9626019572037186,0.724800255990317,109.39740657440244,1,Road,Clear,10.666560222588657
164.605171432982,2.704358567573176,3,1.2100588010336903,0.2456133841861039,103.31296155954446,0,Air,Clear,6.9084320971028195
305.02240415318636,32.89534834713192,2,2.5662872042826215,1.2884918670757628,111.04512860800504,0,Road,Clear,24.622222161226393
298.5231183989064,43.944953369788614,5,0.8034792161301816,3.3553637888235786,118.37062327758116,0,Air,Clear,11.565744609319513
371.8973935716467,12.965188178739126,1,0.6329579769309606,1.5141162441103306,110.78862420932542,0,Road,Clear,20.21021369617121
290.5455776285606,12.83377521686343,1,2.9149418874681103,1.0527511259552667,99.08997979979404,0,Road,Rain,22.923498069602523
91.62480898721734,25.984155838064456,2,1.51197939671794,1.0165018900533302,92.08095679291154,0,Road,Clear,8.50505699706623
158.33643365608077,30.716365624237383,4,2.1446781744452883,2.5864980909566073,86.53471195282259,0,Road,Clear,16.267197192684243
291.51965443245837,6.00380015165474,4,0.8177897785033788,1.6542560427605324,70.7113706817619,0,Road,Clear,17.851592617346412
275.63758311195295,11.346868117236443,2,1.0504434946671584,1.9136119200697324,102.09080056356983,0,Air,Clear,13.97145767815821
140.85256184693134,17.169728426337194,4,1.6499518953998098,1.4231148103234386,95.3479643425732,0,Road,Clear,12.502413364413485
214.52289538663314,24.96595754591677,2,2.187883043571944,2.2998290975810973,95.9904575205681,0,Road,Clear,20.6877223498593
118.95965729082398,23.17423545732581,3,1.2331197778164786,3.7848019899597753,112.34629041200253,0,Road,Clear,11.593769410230525
53.811017235419754,20.659520605835176,3,2.7115843776001047,1.27218912865039,98.655129872417,1,Road,Clear,13.85240799364159
148.60560746241424,30.662953995360752,3,2.452860009058135,1.6327925934772844,122.74124377895082,0,Road,Clear,16.196302346472994
143.12603344012382,13.679657860720127,6,1.878894727146347,3.6774932199792056,93.12280202152968,1,Road,Storm,22.099264033528193
115.31926984983257,38.07877774490897,2,1.648027958599119,1.4203266161309642,88.34858605095248,0,Air,Rain,10.063880785727735
218.50834902955043,9.17621699151348,0,2.0488563568562723,2.5622439127611463,84.90836350779296,0,Road,Clear,18.344215976629588
137.93322620844546,23.42616434776708,2,2.3291579161176132,0.6219106020150451,108.67301269237159,0,Air,Rain,11.521307770839993
201.1605661053786,10.277664989384245,2,0.8373757382267997,0.703504400451793,113.81783266996078,0,Road,Clear,13.545247186654132
245.54290223580497,13.110383661686596,2,2.631603406402214,4.377722288567694,92.86726124489535,0,Rail,Storm,21.068113666511145
526.330252453136,14.710975071055875,4,1.7235069591443628,2.166678407281839,87.23220757447727,0,Rail,Clear,25.52251572088901
150.15052811380446,9.819918938106605,2,2.838359974523879,1.1502848021957568,118.36331466472998,0,Road,Clear,15.102016611100893
307.4213077576221,31.56525778259674,4,2.8888559902852884,0.8396887313684305,82.59517743621365,0,Rail,Clear,19.57316380858399
182.9627531678665,10.678915674166054,2,0.5767920525452128,1.0188034572070783,112.12264213440031,0,Road,Storm,16.303957277336814
189.24640570632317,14.154831882204956,1,1.4612024394222423,0.4225695397323181,93.14822367612587,1,Road,Rain,15.256323266043903
151.4070165376891,21.55796718419438,2,1.8155585331156634,2.042018987478681,104.76514428532225,0,Air,Clear,8.418289140032838
173.6078646592224,62.060605692812096,3,1.848988720318427,1.9002316156709238,112.9230606678475,0,Air,Clear,11.953149867748962
138.73592493452563,22.10923007807838,3,2.5559834171175226,1.8690616572481984,105.7150742762491,0,Road,Clear,12.149796745092715
277.7143952454204,15.096736672317792,2,0.8527599685719213,3.145716928696787,96.45692724653166,0,Rail,Rain,18.56575789523159
98.88653409745076,2.2303998325002112,3,2.056206724237307,1.36123339415939,116.75316713456945,1,Road,Clear,13.128468679654018
53.40625588265743,12.846560923272191,5,2.8564924696131566,1.7580905245401444,103.46921661915577,0,Road,Clear,14.844092011880555
112.87859940574656,8.464684350478729,3,2.991727984510716,0.25857113107318813,140.0,0,Road,Clear,15.44838364654319
105.16510885956312,11.229879161891699,6,0.5252138524493589,2.1815272324530004,79.53814399209674,0,Road,Clear,10.754341779871092
112.83940286716903,10.10806995893758,2,2.9314182072461055,1.9333580178941607,79.36087632116423,0,Rail,Clear,12.733612444304276
146.54213358225053,21.407732815461767,3,0.8055250694507403,0.4748895698790394,111.93112681520469,0,Road,Rain,15.087191590804464
113.11170418727899,12.639824252651486,5,1.8423763442984056,1.1540758361161925,99.61898600721396,0,Air,Storm,14.976008666071287
145.26563134424165,6.870658673318202,2,1.1159245232085993,2.8584414539384255,109.51131274375928,1,Rail,Clear,14.804065778867495
113.33997811349698,26.729903417089254,1,2.0159775934850828,1.7188028813887852,86.81942932148687,0,Road,Rain,15.242836001272668
203.6518181227924,4.921904120054772,2,0.5925664792509941,0.7866116899757398,100.64959299056773,0,Road,Rain,13.025052333462845
523.6593482249414,14.589646813704311,5,1.0958317016819847,1.9371063815999854,105.48780977339398,0,Road,Clear,30.92349953940073
180.79271549071393,12.916918608172805,1,1.2514390829974307,4.1092058548688355,93.4754698754196,0,Road,Clear,14.283534993621265
116.36217954515378,18.557650932287125,3,2.78901795519921,0.35174623826257945,102.78195647011914,0,Road,Clear,12.20239843569621
23.19692240730617,30.87825963672552,2,1.9590738671211556,2.127876826560836,83.66168582946172,1,Road,Storm,14.741844478583063
428.2440604538101,68.19911667322337,3,2.270524305899309,1.6704301188657724,104.73787429777981,0,Road,Clear,27.390051948368345
186.8297345815486,15.089422147991547,2,2.1900379582926757,0.43393893870227046,117.34537629244649,0,Road,Clear,15.271560766684933
144.46752090891363,8.351410984490403,4,1.4807208414979571,1.727199100036379,85.14906442578416,1,Rail,Clear,13.436228505842793
24.565110874640872,7.700063445355851,5,0.5350526714052141,0.8507001831961007,84.42455987178587,1,Rail,Clear,6.437152030440305
149.16597509941985,7.670153568980148,4,0.7675519081655022,1.061058478356163,114.27905276444994,0,Air,Clear,10.183074585973179
172.72718929814204,18.075784401289848,9,1.6470212110092501,1.9449416858604636,84.21234628724648,1,Rail,Clear,17.66640789310491
113.6089115760691,1.6899359543339325,2,2.8532369471697505,1.8910238817122533,110.0872117417011,0,Road,Rain,13.011150194540132
61.42874066046279,4.6477639930394,2,1.121894518583853,1.8636717958433158,100.6641818313572,1,Road,Clear,10.88948074782315
58.4101883419562,18.08780584030473,7,2.245796799046135,5.587232769988244,94.98613668606927,0,Road,Clear,16.840440515298113
432.0401133300473,27.639133315038272,2,2.5664896077533923,1.1926889718315132,117.59829793607187,0,Air,Clear,16.52083845594442
169.75499526192448,27.750497859298004,3,2.7669632104569,0.5258115319508108,111.1377737010043,1,Road,Clear,17.698447859215133
113.5429374521669,15.61824879678137,2,1.2337160300192525,2.14496125185971,103.35658753950244,0,Road,Clear,10.827132657009107
163.70474266443506,25.261548955561018,3,2.8282079364018844,1.6626172059347955,74.1680017774746,1,Rail,Clear,15.74050034871609
156.99801591188995,31.2405530233112,1,2.019955651345448,0.8859331966106995,108.54704459681258,0,Road,Rain,14.111541701678796
56.22138515650347,10.552801799500273,6,1.7710169602944346,0.8369182383088003,87.14968089017187,0,Air,Clear,7.861959729324025
267.3864251217375,29.132836636256943,3,2.4459815796522117,3.2848577655776428,97.3434166092411,0,Road,Rain,20.951894056365564
142.13678602873867,3.2640490853358064,3,1.096781533403663,0.1668291057544617,100.08800882115423,0,Road,Storm,14.261442241551
171.15992654160948,4.525172794523632,2,2.53145057885241,1.6352633397076273,122.76732785469963,0,Air,Clear,11.342436526339972
352.7965205692705,11.057062302867367,1,2.124906736104341,0.8100621146059344,96.96109530460943,0,Road,Rain,23.27952968428678
62.814700307477885,2.8458407456774624,1,2.4984153221133756,1.8037909023749579,82.92673796736405,0,Road,Clear,10.897126446120474
95.4690482008245,21.6530470568008,5,2.639305487623648,0.7074738069343454,117.63572449988223,0,Road,Clear,15.772121441582165
192.7595636346225,9.338957563696908,6,2.0433686075594544,1.8348278513638387,108.70878657997864,0,Rail,Clear,18.038506688322872
264.3940826434764,13.021545293198654,1,0.5918377700211731,2.746019899476538,109.15570965925991,0,Road,Clear,17.025704444031206
106.69509446903277,13.390640819829569,1,1.2443691503291636,0.9056079419518958,117.86101604235019,0,Road,Clear,11.333408035721236
110.73161624231949,10.83940104524278,0,2.695049362403965,1.0186732694767335,120.67850618359577,1,Road,Rain,15.629768853042002
229.85522261832955,7.628958108393142,3,2.067391277401744,1.785859028910355,89.29919123380559,0,Road,Clear,17.542062149825025
500.89526062416303,20.929905926096207,4,2.7251409065514425,2.27495793977096,83.3081229670994,0,Road,Clear,30.918922381103613
166.99928947170113,9.179090112406156,1,1.4613212551232195,4.912166227829626,110.10963092226056,0,Road,Rain,16.8439872505362
95.26405446611294,13.256678445717009,7,1.7618186395183115,1.0363727551190933,96.85039219831522,0,Rail,Rain,14.340700602354346
77.16417605805913,18.690893842974432,2,2.656481105427285,1.0180940858085665,97.93866396364153,0,Road,Rain,11.225761563134714
146.2753478975298,31.067120143974734,4,2.405078394395907,0.5603578705544936,86.53996728521409,0,Road,Clear,14.612773194910305
257.50752067517215,29.436190557473434,5,1.443752828218172,0.1138797416037435,107.0067593894519,1,Road,Clear,19.98935124780645
623.3341778503664,9.853720124507692,2,0.5565757151036381,2.763039986508476,104.8255740857297,1,Road,Clear,35.95145568758769
131.4227874713961,7.295782485553845,2,2.700848907894263,1.2364631971062447,98.13402296022556,0,Road,Clear,14.614240173443909
167.16049812160676,35.351790205202384,3,2.4658921162070486,0.5429828514009849,83.33989302837367,0,Air,Clear,11.597614038193921
392.1350290907066,9.138221446423891,3,1.6229020767911608,2.4804425075862504,114.50980034567742,0,Road,Rain,29.04041882806058
190.89049665377019,20.34202413211161,2,1.8656012178504653,2.141402783747162,103.06845409889088,0,Air,Rain,10.595924580650943
181.5413879820284,2.684539597059194,2,1.0107800428351368,1.0085575807456013,113.41412476187489,0,Road,Storm,15.324304024190665
350.3062368358518,1.6344801671099598,3,1.5302527245896713,1.6848373615654975,74.76384972544521,0,Rail,Clear,18.72667605098278
169.53443302540035,15.078451107306305,5,0.9079885675286345,0.6277831048605824,100.68187783555936,0,Air,Clear,10.65939954365558
81.69320538835913,11.922579271697531,3,1.0264239339770898,2.218489386913326,91.39721429600304,1,Rail,Clear,9.178217257516291
310.68765004779095,24.096421151989166,6,2.6159237333085685,0.8656405986474551,100.43376744429582,0,Road,Rain,25.278593949702834
49.21443458524757,7.705157101809967,2,1.4061809444454232,2.981885604378232,111.31852678536676,0,Road,Clear,8.99401150117329
281.5503434214135,17.695113373201142,2,2.536808307315903,1.9644363813594083,104.43936839435952,0,Rail,Rain,20.575309853498116
159.2267677820369,23.21484737472305,3,1.6847496601194458,0.44672073496584014,100.21746680904442,1,Road,Rain,17.99199402877084
132.30337209784534,7.969000765855567,3,0.6769444397644295,2.768496570993136,100.15336522035683,0,Road,Clear,11.999616783247488
130.1628016414668,11.047089504230186,4,1.4038179715155028,2.6190125420415873,81.28281786751947,1,Air,Clear,12.453081474161781
145.92601729669374,5.397054499118589,3,0.8956836365275374,2.3838411412540403,89.12118335422483,1,Road,Rain,15.001576146248816
120.40072855872717,24.69557541891143,1,2.2339410365658563,2.47459826635933,113.45545053450017,0,Road,Clear,14.705779325855005
207.38471383710393,21.119654336781647,4,2.7784851170436733,1.367859892030519,93.9335580177178,0,Air,Clear,14.70354797007543
123.12546208372012,22.23502708846849,2,2.4076889102833596,1.6633587719986445,113.68502853723909,0,Road,Clear,13.99914104027719
35.94222905632935,11.884821996234816,3,2.4460940216151146,1.1775747227926223,109.91645122576621,0,Air,Clear,8.293482891001528
159.94483431624926,20.867094812220817,2,2.654666366734416,0.25585735189810227,110.55046132441117,0,Rail,Storm,16.598084872179317
34.06007432768249,12.712718514742686,5,2.441661626954787,1.9415713355720106,103.9949726775582,1,Road,Clear,14.202807305062198
159.30370595647926,39.37858237834272,1,1.9214331310167294,0.3474516882449892,94.76790120094596,1,Road,Clear,15.651679945039005
118.85790394275605,14.19322464926683,3,2.2856907236500064,0.5589202788180099,98.18617527817473,0,Air,Storm,11.372318970496277
269.8798107063597,28.297522624911895,5,1.5398868847399818,0.8279189102598512,107.68463080704038,0,Road,Clear,20.840461656636755
135.780617084447,11.936333766521393,3,0.6769699397469837,1.4328724060553908,74.49263050876887,0,Air,Rain,7.230854206445967
247.82335072397746,34.01215295467275,3,2.2639494883619684,4.288032820685063,114.9253167115337,0,Road,Storm,25.333195012867943
231.8270894083663,7.279681166471947,2,2.304152410225358,0.822022121135503,93.99856668159431,0,Road,Clear,15.188451111368881
235.5143557038341,19.32001642986847,3,1.0593064760725142,4.520125072254611,98.9645900895751,1,Rail,Clear,18.121748916254127
138.82190304309486,8.5400606618828,4,2.884853909563264,2.567942437113911,99.06804952546153,0,Road,Clear,16.34874862389262
165.69119106501836,17.14944218429561,3,0.631278581598733,1.774142181977678,99.52200903884973,0,Road,Clear,10.177655825649154
204.15906017181933,9.174557389885598,5,2.3398976206947086,0.7470348415807928,84.23629979130176,0,Road,Clear,18.143107197279445
168.77424410835167,14.151383999792445,1,2.921195971568314,1.4487064750889087,101.82070040414753,0,Road,Clear,14.709836089681035
135.96711422699454,10.279613161735256,2,1.272874444249951,1.5376031249328008,107.13237558401201,1,Road,Clear,14.35665795332475
86.98114355216252,22.646740099922134,2,2.781163545270951,2.198342616371512,75.46658186324686,1,Rail,Rain,14.975091842005096
161.07877154245944,19.895334729969104,3,2.566090633076173,0.7808199109682885,84.39057090865231,0,Road,Clear,13.573102285482019
53.56181283498605,8.292862952588493,4,2.360273663178086,2.622188619199866,110.75038427554956,0,Rail,Clear,9.622812155618496
31.87652583974488,8.097567822138998,2,2.884478919519655,1.3270592664535013,108.51756572917593,1,Road,Clear,10.922771962976817
73.53781093241574,6.7496917927378375,3,2.1351426870210046,1.9373987716758643,103.58489482348932,0,Road,Clear,12.752188813064153
233.94367438982928,5.6412191112356656,2,1.7372016309143328,1.24623576136824,91.81422285673192,0,Road,Clear,18.2456353893933
183.747580782784,23.712863525788844,1,2.189202554505164,3.2383026491645412,108.58735132312081,1,Air,Clear,16.60170355647683
235.30141147578257,6.422225646218726,5,1.5295594814435935,0.590265242630207,85.56519170973064,0,Road,Storm,20.230422592315193
101.32925200365456,18.197030613307753,1,1.312217933532213,1.6988167847305176,98.35196748440266,0,Air,Rain,8.004214659364036
285.6008904601336,9.588623942207587,2,0.7056140625788185,0.4373971337994391,84.32208475721684,0,Rail,Clear,14.150340799729241
58.44643541526299,27.745933629200124,3,1.4450214460259891,2.0505823989176526,98.05597668614138,0,Rail,Rain,9.896206033916586
75.52160060158916,45.70959446356977,3,2.5079876462142145,0.5473364360231979,87.63530953153581,1,Road,Clear,13.036650793999147
282.7779535273695,0.5,7,2.8635894706413687,1.1259069145062657,109.06973032972304,0,Road,Clear,22.682574170206088
175.90534255305985,7.20115097178092,3,2.9378792939326064,1.0237707622534709,105.19818196942138,0,Road,Clear,17.87930629299879
236.1145008226609,9.462251870378447,6,1.0163146774000373,5.258689462937047,93.1530930369911,0,Rail,Rain,15.383390502537722
184.20869199572186,12.204180898090396,3,1.928579404939884,0.7662410171593472,113.08359059767295,1,Road,Storm,20.214630913529447
111.02565378261957,11.63290162092643,3,1.9393703959187754,2.6362453334123295,88.5242157191722,0,Road,Clear,11.288934332278554
69.18819689587959,4.463763766365044,2,0.9401188613883422,0.10735981889928964,99.57658637838298,0,Road,Clear,7.2792696411803295
39.39727117538583,46.31985569327191,2,1.954070506923598,1.436039836114567,92.62214407022726,0,Road,Rain,11.121742518105046
410.7349876026327,11.964471974029616,1,1.4069071007944691,3.3339953893399654,108.9084612165338,0,Road,Clear,27.070176188127736
47.70889268342577,19.832813653742335,5,2.8560160899153857,0.27320367577420107,107.72130946709616,0,Road,Clear,10.853539817812928
343.69893257210714,20.26449118195892,3,1.138005500564291,2.557842313428352,115.6234784737124,0,Road,Clear,22.512608489314935
170.1470300342433,3.5383697176845295,1,2.587402988770873,1.2539486504616222,100.99581338292754,0,Road,Clear,12.939478248264594
187.58348947187667,10.7504675480932,5,2.742139070781803,0.1577870154768294,70.0,0,Road,Clear,16.133100635221254
180.36806708296874,23.711875069736674,5,2.3396806388321645,2.8114158728966077,94.82957836318859,0,Road,Rain,19.556657424631087
219.30062912683587,35.466883462640205,4,1.0366931947236604,2.120677257276881,118.78311646411467,0,Air,Clear,8.488919941969476
94.87805859167386,10.93021658700502,0,1.1509226709161717,0.6764442121884011,96.100064293161,1,Road,Clear,12.698625462072048
28.084057518207747,4.227901615776986,2,2.927794663674355,2.2120504919778137,76.98956549850823,0,Rail,Clear,10.89152309623284
109.51298618028932,8.821500538105603,2,0.6895726653028595,0.29724831332748075,105.39198225255498,0,Road,Clear,7.852393438971404
208.61762955778653,10.56277461564728,1,0.792714768010315,0.8705258058925068,106.28871246813812,0,Road,Rain,12.923913701945438
76.04996277293677,10.24915424177531,3,2.946424335945058,1.4088149586007574,91.27361225768993,0,Road,Clear,11.719158145696031
289.59302474835687,6.756113086590982,3,2.4422369354768,1.3542526912722157,97.03901073889368,0,Rail,Rain,17.985414969351456
147.59524383921402,3.796305117360272,2,2.365959627650527,1.895407409536816,89.83244875451824,0,Rail,Clear,11.265475934834974
71.07953014920483,5.349240109825689,3,0.9005194028642509,5.1737023612097435,106.2708363893934,0,Rail,Rain,9.366639838813057
174.8730100757293,8.8843548518091,5,1.7223470788160475,1.6162053949106063,100.67919339960612,0,Road,Clear,15.439411586409646
206.57087641689574,23.440286013925515,6,2.6019065062114044,1.6484376134474787,86.01069803756705,0,Rail,Clear,18.068484673592753
215.3306916871755,29.795890022053857,4,1.3221767530230566,2.9890249397628823,99.88547407333346,0,Road,Clear,16.624544429486626
8.635083549147506,15.32828207810748,1,0.9819128310360263,1.3475506497954624,91.20370753159392,0,Road,Rain,7.335613859671696
282.9569073383109,5.490696521088222,1,0.5273632944203326,0.22590031821588671,117.5327283255451,1,Rail,Clear,14.593342471060666
55.04858483879512,9.305454487840409,0,2.0563562121519023,1.4994930752979103,110.72437279850091,0,Road,Clear,10.018735042259735
283.18016371082933,1.7311965059346865,2,1.2345257757044863,0.19317904043518286,98.53264787287483,0,Rail,Clear,13.245500668626406
298.06878247477545,35.91934815815935,3,2.6591810671963514,2.8004814857805194,100.97276985513547,0,Rail,Rain,21.572208213921893
69.29864050747734,8.156760900329214,0,1.2087952168988507,1.3960655780035376,112.16531473525575,1,Rail,Clear,9.674106811694578
79.59531976760564,18.66860562944087,2,0.8789395304612584,1.8401020894794282,97.91667532730119,0,Road,Clear,11.119944948050204
243.02667072767665,28.399484090714466,2,2.9011187800107954,0.5999748216055594,109.10071029356186,1,Road,Rain,23.6456836257991
123.62448131464448,42.599567601716295,2,2.911942530636274,0.6272408817571516,117.72863355442415,0,Road,Clear,14.68311454444684
323.1461209538457,25.24152537467323,2,2.2125595708818504,2.1018285426240486,94.10941520980845,0,Road,Clear,20.744271975732936
374.2709958420392,10.1981830984351,2,2.820964256490678,1.1239929442476746,119.75374121103161,0,Rail,Rain,21.652367755300517
71.0212202968808,20.48116044037521,1,0.9045839531219569,0.77107276427407,116.26140268607018,0,Road,Clear,6.783086437549086
93.60858819086492,41.573469654770534,2,1.6508521499257358,3.3327929307840627,102.98270562857114,0,Rail,Clear,10.117220061164378
169.4720998484842,8.09209682240218,4,1.0103972274106952,1.5284675280296236,94.673055977277,1,Road,Clear,15.93560079243823
27.342953296127707,3.6054605578775023,3,1.6969581454875726,0.8634279653692478,102.83333845704578,1,Road,Clear,10.171974518717521
40.38851251092898,6.803046313896477,6,2.4779449968670137,1.597871259835932,97.06598924946637,0,Air,Rain,11.760688958095784
86.43338284819693,19.524680286811016,1,2.612319617500159,0.9933101400864127,90.48673772875458,0,Road,Clear,13.559092083836262
447.0329664367084,10.408493920303597,7,0.51041098566925,1.9770646272887082,106.38730234392419,0,Road,Clear,27.457020549454295
185.26559298471136,13.17418938398078,5,1.4737584917496558,0.5682139577953976,87.71770840809234,1,Rail,Clear,13.540271870758952
104.09772122311486,21.89081537473833,5,2.985171717781189,2.8317127716901442,95.93734492016625,0,Road,Clear,16.072975385981756
79.14682444976971,6.670959395351298,4,1.9732874045375877,0.9925970568630748,96.0951796743132,0,Road,Clear,11.9365714936423
68.72246509509593,12.68334997035821,4,1.2404898242448796,0.42270267893092695,83.61688651874869,0,Rail,Clear,10.126996060131832
109.1741194378419,9.173735352202248,3,1.472485650104407,0.47480933416907445,107.90166427738642,1,Road,Storm,16.36227924936872
105.09204327033716,40.47987634019611,4,1.306409366584482,1.1869899005701212,97.25994351483052,0,Air,Clear,8.347978054940093
137.96130223083915,24.702325667733678,3,1.6189960750760861,0.7755491930564855,115.58611972113269,0,Air,Clear,10.424513515127954
212.39095842145548,10.46595517203528,4,1.6112165839790888,0.3462940448829459,97.06416396552079,1,Road,Rain,19.725421661758176
151.47374371587526,10.002680767988835,3,1.767158262993659,0.3665175593061607,95.12085789371005,0,Air,Clear,6.698269959795273
251.42245813018138,43.52325726808034,2,1.6612650179808082,1.4067196542487044,89.14428742182966,0,Road,Clear,15.759302006292351
131.7919316705317,41.20638672046987,4,1.7902842123912104,1.6645615774901998,100.46835047235152,1,Road,Storm,22.16461605297383
390.4445499422418,19.43309951917727,4,0.5699723758129576,1.4808559684869036,100.53613878646821,0,Rail,Rain,17.547037680986875
247.90477162975762,13.64296403135202,2,0.6360672411931083,3.2679927325754847,108.90120082280198,0,Road,Clear,16.898324737324618
182.24644534504745,4.5437572472761625,2,1.4278599330199444,1.839911803022666,100.80422788400006,0,Road,Clear,15.739716884558778
212.81427850400735,6.856246159049803,2,2.71235391060492,0.8549780066133352,125.12701234665471,0,Road,Clear,15.216743645491338
111.1299041265508,4.215642693954046,2,2.4770807585039605,7.390896644499275,105.47460716944902,0,Road,Clear,14.99285975382634
136.55190839874695,29.17115469070862,0,0.7753841047789096,0.652111918642673,88.15795618532707,0,Road,Clear,8.538079256810782
133.24551703967737,4.612645957022132,3,1.7370773968583701,0.30487227485764623,87.14228388441256,0,Road,Clear,14.808543333854715
95.98627606892224,9.899843348413961,7,2.0114681774453906,2.1810193813036483,106.41756962614858,1,Air,Rain,17.113641011052003
60.3042097116559,2.1586559580148275,5,1.702973107087724,4.304440003160429,87.78006262519574,0,Rail,Clear,10.192978905999741
219.5987797946639,3.2460614730788415,4,2.2439165924476527,2.500919042392821,107.13813261448789,0,Road,Rain,20.694341902661392
274.4216221874644,22.593947175673016,1,2.9931578952238027,1.1341556198812393,110.74766854007702,0,Road,Clear,21.48868552493175
201.56450037260643,17.354627848164018,6,0.7411853248429283,0.7157677548918155,111.03690611412799,1,Road,Clear,16.868356565578978
151.19749411308533,14.01778543145874,2,1.7888350786425053,2.0752953987819596,89.56975299729194,0,Road,Clear,11.868789324782565
489.7627410536714,10.048318280249497,3,1.7809286574063834,1.1833030205566326,111.05765409937037,1,Road,Clear,34.43599592187579
103.22365921831437,2.81969542850559,3,1.9059469943267056,1.0845725867256852,103.87107086019823,1,Rail,Clear,10.007870026741621
185.9669448215747,8.987092815918682,3,0.9174186399573943,3.4450423275103397,92.70554727142505,1,Road,Clear,17.609161950225182
297.13329721672767,12.101166101217123,3,2.0958944774730477,0.234525305665788,98.08718625001144,1,Air,Rain,14.179713194740177
73.96898763650795,21.533548570638526,5,0.6108523064719408,1.7745961755740234,105.65535711417081,0,Rail,Rain,11.300782350318892
229.46614603692944,28.088638157653847,1,2.3528087173295544,0.7608814502431747,91.9257868261073,1,Road,Clear,20.99447339379612
404.93357071298686,23.089672563985758,4,2.1578988141002804,1.3616203540573872,103.62231342907599,0,Air,Clear,13.404000837387372
159.0030665474136,17.2791973369393,4,1.3260591710316578,0.6340679074774067,117.34722338247225,0,Road,Rain,13.642748551112897
176.12094806212124,13.856171889555371,1,2.9724734027501234,1.1840608719876726,111.56867356427269,0,Air,Clear,9.1891854749897
103.63222396056432,16.05699809466136,3,2.5719459566779457,5.823005138010171,100.98383432217274,1,Road,Clear,18.418617733681764
211.3876949099226,8.496523292902419,3,1.8488390876100582,2.340229355155302,102.80971130417413,0,Road,Rain,19.552453875405906
94.40812362824641,14.765763758299364,7,2.9762760248390165,2.0739559782549644,93.54324474390206,1,Road,Clear,16.97116643741659
153.25811826823946,12.047240611077184,3,2.5752266093207,1.3902306966561877,93.88124311319604,1,Road,Clear,17.315579899953285
54.77835336573253,55.19555437322326,4,0.8449432003415367,1.298365514480472,81.55364445395904,0,Rail,Clear,10.726881307527645
16.494449194382206,16.35739270900453,1,1.9776515104735677,1.4608375408106378,103.01331664147293,0,Rail,Clear,8.867200226967489
117.58018559817118,1.5586787835066649,4,1.9521440917073738,1.9250366170208268,108.18998117916104,0,Road,Clear,14.981733058806395
116.35688111829404,9.620017899251524,1,2.1323629292987496,2.3705442956940903,99.1498781718034,0,Rail,Clear,8.489447232512765
124.17626402068595,11.03592776203017,4,2.8518914789435716,4.649301460282222,89.4721096583891,0,Road,Rain,18.998960315304664
243.59790050830594,25.277392773025905,5,1.730079783264607,1.1305344133079294,100.79354170633418,0,Road,Clear,19.173468437742276
278.8512828726796,17.901228473301167,4,0.6934536592095382,3.389259398158303,116.10117481371442,0,Road,Clear,17.712107228699114
190.63457592629607,17.254059635513855,6,1.6983284013133737,4.6831037715577475,110.77577985083362,0,Rail,Rain,16.365410201026933
233.77449162935162,33.32708186269699,6,2.4694859672878575,2.4960126220156926,99.64630763288429,0,Road,Clear,20.64070796177672
96.24980326102158,41.3326652872248,2,1.3965219369838753,1.2814193070048352,124.56916482095659,0,Road,Clear,8.871428226629327
81.01166861809202,22.570740770125557,2,0.5677622648023546,2.5073635180976437,132.38460387867838,0,Rail,Clear,7.132355208681022
213.91282212916187,10.226784668587815,8,1.2581080547666068,0.3294085959546529,94.23828862555689,1,Air,Storm,15.689711935132959
73.26673163840447,10.476016618281413,2,2.205374861757405,4.167225074103978,97.04938278195637,0,Road,Clear,13.380004500360666
67.50220973128027,30.502840814909558,6,0.7150235702147039,2.660833340151979,108.31997559089942,0,Road,Rain,10.594132920176126
635.01900238786,10.45052285007822,4,1.4399120217231214,1.241029151220657,89.0442835943518,0,Road,Clear,34.79569073022427
165.3279436790143,13.15312043281047,0,0.8328270875020887,1.1713837927248874,110.18961080150459,0,Road,Clear,13.238229701254161
116.40509753477644,9.452404858542963,3,1.6898214793279729,0.41239608250927634,101.21761232153774,1,Road,Rain,12.494091215675857
107.91326316923015,5.402632893172807,8,0.8537837294302193,2.9418307809326434,104.45966187384303,0,Rail,Clear,12.026360098103414
55.97653492959867,52.41499255522958,2,0.7725924375242759,1.1915498758780558,93.09474586721207,0,Road,Rain,9.564228449980474
188.25168279549027,13.221447468274341,2,2.244496979821257,4.4095757233864,90.54755971664477,0,Rail,Clear,16.486582296846162
131.5918538180304,36.53083626969461,3,0.8950039715925269,0.3241967960141705,76.17441440901376,1,Air,Clear,8.732490976170693
274.3346165223878,10.564283124004724,2,0.8869894864595689,0.6450519156742538,117.81737075749162,0,Road,Clear,15.649842187730904
217.83328819219136,8.152835830912954,4,1.9812979386652776,0.5812653919597559,111.29735731656294,0,Road,Clear,19.298430128984844
128.7628637192768,21.25193846848013,0,0.6089845289146213,0.1,108.08030807510923,0,Road,Clear,8.027014700861969
33.92349308467442,28.00692352267182,10,0.5824815720004821,2.1867713566930544,104.17991381055376,0,Rail,Storm,11.283489715985692
165.59960562432326,29.239360581632653,2,1.5786156723677665,0.49745352273731647,72.34926711070248,1,Road,Rain,16.97253040355731
156.645881436467,11.975556548459382,4,1.4127387080613982,0.6475860646866227,90.98678589975904,0,Road,Rain,13.686541459617553
28.084519378967048,22.82000418111246,5,1.8615485054137386,0.5258081063835736,96.92702855637359,0,Rail,Clear,10.127881613948622
203.3127512044704,8.9141214271705,3,2.983711543225621,1.0065993584210904,87.02384376990366,0,Rail,Clear,15.58869100940475
71.49316790367841,14.624927648113463,5,1.5867662400644795,3.8354432539462575,79.67773654077138,1,Road,Rain,17.264517587654453
282.535740955499,11.088815626580567,8,1.9401459436429784,1.9251240715496605,88.27164580841628,0,Air,Clear,14.648629772549047
150.84434800623626,9.795151534847804,0,2.798109065447566,1.5774585480123031,100.58971538316888,1,Air,Clear,12.010149475576068
105.91936542124489,15.081974205946134,5,1.707947757553459,1.364197087280643,100.59278777823882,0,Road,Clear,14.16324385157301
179.88762496214719,5.270945538907776,2,2.4528013139303444,0.8805501797296501,110.89027400725264,1,Road,Storm,20.38612553459231
173.27187704753854,26.46068092598179,1,1.87163133985683,0.8914182262169303,124.75815641071578,1,Rail,Rain,15.28170160612434
169.44824430578922,9.82761252791401,3,2.0930181195591357,1.520372014740143,108.22913824117595,1,Air,Clear,13.334813328058107
261.38815757095625,25.610553681232645,8,2.8312561006929267,3.5559257170559833,97.89340379371451,1,Road,Rain,27.729885236907542
186.48779880823344,6.339033814803198,2,0.5017594207942201,0.8285761462291327,121.60391814474025,1,Rail,Rain,12.749416466329725
99.75606603796552,9.799798490460113,3,2.7523497231299388,2.718374215227046,81.01676286481718,1,Road,Clear,14.168268597888433
134.13199185928792,5.254384814397962,1,1.744230049142597,0.5474472568611929,75.05388281659714,0,Road,Clear,11.786241868400598
340.2484014665419,5.071770771000387,3,2.016910923103885,2.1749577078486975,89.35931907682367,0,Rail,Clear,18.401744893253422
93.84630713923526,7.104520660289192,1,1.6251449299062786,3.4625418372481174,109.74624937477964,0,Air,Clear,8.8954748764077
201.3867208749091,6.426873649683971,4,1.1522965733808088,1.2844364512126993,102.02272302426493,0,Road,Clear,14.719111133884152
266.9194966144558,5.295647889873439,0,0.6650179752923078,0.8859672031334832,86.46011553356087,0,Road,Clear,14.69535970649602
212.89906724602795,13.886661892412722,4,2.862814273708174,2.1691357315511395,91.27486557526139,0,Road,Clear,19.23470292286217
166.22211097703973,20.96167177849508,1,2.05969051568684,4.116559558452293,85.10219799410856,1,Road,Clear,18.2769041257412
182.01411419915965,21.73371892380996,5,2.683676843654526,2.6353908925358986,85.10189908123307,0,Rail,Clear,17.55880494634423
220.7895027121261,2.591142885858233,5,1.2270207076371995,4.491781961523631,118.61269329701541,0,Road,Rain,20.20131620909376
93.09500410078259,11.033269115317706,1,1.1949973729969692,1.3815770838659942,98.27878037499622,0,Rail,Clear,11.526009098255257
157.27049892685613,10.18345264811694,1,1.3394611117682238,1.3175196161412184,121.23498505982697,0,Road,Rain,14.130333375848583
488.18893332543445,33.72470569132764,3,1.0775955723485193,0.36131893537284565,89.31982745805448,0,Rail,Storm,24.62759933162193
205.04474358225738,11.370596163122993,4,1.7449267834615791,0.8547369349464605,105.89350015873714,0,Road,Rain,17.376741232456645
169.7955557128582,13.024008825480562,7,2.840603867903003,1.243668128826319,102.72499192379873,0,Rail,Clear,16.99573311056737
125.74461799374653,3.6917196985568896,5,2.6901566790749545,1.340965762697261,110.55617887598784,1,Road,Rain,19.646614999869723
93.8015251496545,6.943442912973207,4,1.7377511349049741,2.141104936475404,103.05458205776831,0,Road,Rain,15.129828420389757
185.65079631265152,3.464979473141432,4,1.371906164565062,0.9293944092712,111.82100071926966,0,Road,Rain,14.431613718464629
193.34542544669569,14.562682273832719,2,2.0292195069088956,0.9752543421307083,106.65037135011754,0,Road,Clear,17.617454388905458
150.87454057369112,34.44143511367091,7,2.0306453336976054,5.003481117446942,86.90473732101947,0,Road,Clear,18.22414604373018
598.0700080552149,7.154199885465067,3,2.209410222510037,0.10146716907238683,108.79257717312869,0,Air,Clear,15.234323330680507
99.35173747216464,11.44213357099514,5,1.839000064578637,0.1487991983058866,98.76281163109192,1,Rail,Clear,12.447583801667436
84.2695407157325,6.462518473245518,3,0.5668881505167562,0.6285919915854996,90.67936505008608,0,Road,Rain,11.137213680178906
126.88804354414599,8.33862053154649,3,0.6901162933682334,0.13913558218780672,108.32773332040973,0,Rail,Clear,9.35688756089283
153.8577645901676,14.790693890216655,5,2.9344374635120953,0.18284189221912706,111.05870257368667,0,Road,Rain,15.758286295709024
90.5497209584745,45.442845704438064,4,2.3655882378329682,1.025786307379062,94.19721802829596,0,Road,Clear,11.121462891662713
182.99809967202808,33.31539433348753,6,2.870617246505556,1.7303581450956096,95.79322098035976,0,Road,Clear,17.198925428881196
194.8429729339563,39.93717438130692,7,1.3488140025457582,0.9937817507757146,83.35455638418404,0,Road,Clear,15.645924254122878
235.98255841942756,25.76699996143049,2,1.8373735457832354,1.8067153993090708,78.34327446595876,1,Road,Clear,20.240738707428672
114.14686192733105,11.324041243647846,3,1.3048797977166233,2.3798820255871047,97.09230043550768,0,Road,Clear,10.514555998678954
324.3449594589469,10.139672255587982,2,2.7723376169557192,1.5883503451049723,109.50465378577056,0,Road,Rain,23.941712505918236
226.89868116654873,7.191559099376367,3,1.2193334579152333,1.8030997825478725,93.12081166711869,0,Road,Clear,18.525727119566042
98.01034634661195,11.18344607318026,4,2.2345282596787155,1.0981681904342315,117.1335239665619,0,Road,Clear,14.881468376291012
90.27678492087344,34.767358272423024,1,0.9376389372278316,0.9277183667331781,97.53911209801804,0,Road,Clear,11.221757963859185
132.39933988297352,34.50499483816592,4,0.7631286276916817,0.12326433088201044,97.58788809851777,0,Road,Clear,8.685113493357022
195.1235617067963,56.58212603339521,2,0.8890864107658532,2.4653468451090936,96.53089947355419,1,Road,Clear,19.516638055286638
211.91022903049313,15.612777242100107,4,1.8236381665403851,1.535606048808818,111.77911088557224,1,Road,Storm,23.07079191723443
226.65308950380685,4.539309548673625,1,2.6113526012729915,1.7059673169299552,88.4930731563559,0,Road,Clear,18.31052913491976
470.8008777151824,19.9997553648098,3,2.9981993129322646,0.34296313547463764,98.45247799209294,0,Road,Clear,31.540168292912732
42.87815289487414,45.76496690766891,2,2.056707609569451,0.6635281444802615,93.4315365665631,0,Rail,Rain,10.893454618244617
148.35984513496973,37.82378237029666,4,1.834008829617916,1.0516498643106418,93.26118353989987,1,Rail,Clear,12.237959580389001
448.97221227894664,9.228986124082903,2,2.4672064761629313,0.49398093747010385,100.42185213373999,0,Rail,Clear,21.814026071295594
242.20813829501333,4.958369348384022,5,0.659360506386397,1.5705392939219758,98.64012051061509,1,Road,Rain,19.5122419911739
80.71266411001442,4.82877058051041,2,2.52349308836485,1.4907729098719198,112.62005558384826,0,Road,Clear,9.847149675166275
177.55684482043918,7.591436553138209,9,2.3959488524795676,1.421220302454289,99.87070959760163,0,Road,Clear,19.73920924135926
142.97582730217079,8.591283764181677,3,1.8238538152623862,2.439706640697675,106.66006893978805,0,Air,Storm,15.628345269127568
139.83200369728428,10.669077366947125,3,0.5574674393660002,1.5978653981581399,102.07306175874001,0,Road,Clear,11.40404954663133
112.74479999590665,21.89372866000043,2,1.0054924513116603,3.2745536059406657,116.84510800251353,0,Rail,Clear,10.980501252932953
169.06246067932048,10.380263380940951,1,1.4242814985107786,1.6383894324050008,96.37138037496358,0,Road,Clear,13.596725751095057
290.98518143196407,14.134775843848931,5,2.8530555648223643,0.7840801093838432,96.40514327718986,0,Air,Clear,14.257028203049638
119.33840786075632,3.2216112699247934,2,2.096222060475119,1.3221711820377213,108.94046305331784,1,Road,Clear,16.16153974972332
227.62313182696002,7.199508156651792,3,1.7752315331220667,0.1,96.2079658976906,0,Road,Rain,15.302778260927408
250.60880967909802,6.916708073168724,4,1.7210660510145368,1.7205976606876974,105.98070021692257,0,Road,Storm,23.00546238889886
322.8607344259247,2.676978661906591,3,2.449939329047874,0.681434833790993,128.05497286644163,1,Rail,Rain,21.907419503684547
89.23736032878338,10.17368621017403,4,1.3090755974115207,1.4645239836947166,88.25256804760103,0,Rail,Storm,12.251341360532605
161.10752976833606,3.2460383177317738,7,0.7363120094628581,0.7744749120436212,118.38004559666037,0,Rail,Clear,10.83422872787976
104.44388491946839,9.605463039783492,3,2.192608269474426,0.4943478166026844,94.0935204602742,0,Rail,Clear,13.473945682055248
169.25356700255512,14.964277285866778,2,1.3225400197597774,3.970358177714956,116.05214393212901,1,Road,Clear,15.513284734040344
168.57436890187753,35.16112700842111,1,1.3139820924543915,0.7621264556482266,108.23255026270905,1,Road,Clear,15.019306279075456
74.63132160174673,6.613981584223805,0,1.6367880902353242,0.6484410110688331,107.20393191178614,1,Air,Clear,10.899504537157192
175.24745338218833,14.655608586061362,1,1.1068350543383716,2.204262602439916,98.18844223406656,0,Road,Clear,11.960521729444729
483.94260580011724,8.04416539279808,4,2.8042563245178176,1.0253224200874262,96.99396076812195,1,Road,Storm,35.8521706231822
212.38952629246853,3.0624314787944327,3,2.6174260554312445,0.7145244228261822,91.33590903950116,0,Road,Clear,17.657288795034297
64.13163794494122,35.43249276044419,1,2.9777208274326536,2.2478920519992314,100.07531249795771,0,Road,Rain,14.121146092186866
85.50239836947934,15.472949904685937,3,2.9113719898266566,1.2919939825213973,97.79306264483174,0,Road,Clear,13.001266532883877
156.1995969151118,19.279776411112852,2,1.2861383630338772,2.4584851691176404,102.29221903734506,0,Rail,Clear,10.760773634365554
86.86278767596198,39.30547188228763,4,1.451494896701963,3.3526743788927713,83.07213878154435,0,Road,Clear,12.983606201595025
313.2094869042317,9.56734434894218,2,2.2456449757501824,1.0046743331065404,100.27174143790656,0,Road,Clear,21.387990691485612
58.6112928147845,4.319377589793049,8,0.5396147563830795,2.119732120275409,115.151835827173,1,Road,Clear,12.577351565724985
213.24453646123345,6.530859984438026,2,2.9847222134719646,3.4575727704710455,111.32858241620085,0,Air,Clear,14.80356910762407
49.655330001774416,3.941716206181238,2,0.5271077051652913,4.081036408334896,100.27602131688006,1,Rail,Clear,7.691975907804576
154.69971045312184,29.09009241530863,5,1.8287148127557782,0.841901231279731,130.7490172266998,0,Air,Clear,11.780778553867579
78.41046432517801,46.92712640021443,1,2.171750780325926,2.7060340273903716,93.0717603409521,0,Road,Clear,11.52218226547936
235.68559043134064,14.844292600027105,3,2.7853657698878407,0.1513820700032479,98.95993548617635,0,Air,Clear,13.212533139371898
284.16769315062794,22.326668266913856,1,2.110340801945275,1.6219196126046151,82.59382003635827,1,Air,Clear,14.676227145893138
194.78299898782873,26.514727077113545,4,1.9924219992585028,0.39056023961727315,95.15637626068869,1,Road,Rain,22.210326208517202
291.5300657467724,41.04129326764105,2,1.2508982478757682,1.0048630687882854,121.45376955240377,0,Rail,Clear,15.837093187931446
21.821152722182102,45.657177319950115,2,1.9773034874050908,5.291028515212078,95.61422581336569,0,Road,Clear,10.311780184549647
173.92688735050004,2.027543938413951,6,2.374253782480686,2.4924453808529408,81.6660256821277,0,Rail,Clear,14.797941793491773
211.5066039873631,8.237706414983224,2,1.7889791973879394,0.39998107464247634,110.46398659953566,0,Rail,Rain,13.102390841061643
227.326657833104,13.611973608115607,2,2.449088245717811,0.5331866409883363,104.67052290650535,0,Road,Clear,18.959773507705798
38.71069318185104,7.411863666601687,4,0.674032617185462,2.89082824435798,109.9677527923038,1,Road,Clear,8.680160360762423
204.36105709050958,10.885615342864135,4,1.3384436274989862,2.826875922651448,96.43538706108555,0,Road,Clear,17.93946336013909
230.16453529293278,18.396398309386814,1,2.899534835160099,2.9296779826065684,87.91451362477174,0,Rail,Clear,17.023398138713357
172.75505762510926,18.038848108235243,1,1.3086110326640696,1.6162884028572841,97.79652036277334,0,Rail,Clear,9.273861083469495
64.60252882667513,25.92744192106383,5,2.0546382545389648,2.484691353127842,106.65813983661464,1,Road,Rain,17.55314411539017
112.2023635615472,13.84357818968434,3,1.7997118941670418,1.043201604596282,99.13207671907946,0,Air,Clear,4.130834349918305
314.1106221146095,0.930052282960756,3,2.841560033306787,1.0065544664557704,104.65546207938598,0,Road,Clear,22.453643202599295
294.5152618527731,10.173720581214862,2,0.9069296910151304,1.550768369094433,93.55818054588914,1,Road,Clear,21.047054593473675
209.2661823708367,17.119927568174486,6,1.248470248774398,0.7037740036477524,105.10115834717203,0,Road,Clear,13.182274921895004
238.5311749986697,27.202615016495375,3,2.6559432635771527,0.6080375912235171,99.96383274447682,0,Rail,Clear,17.19855651693196
275.2417286914848,24.577217864077664,3,2.165506361932996,2.0262652719405816,91.52951300572151,0,Rail,Clear,16.825801367180063
207.8751081000123,12.451170292689643,5,1.8576234016726243,2.1540337876399795,101.67940186108213,1,Rail,Clear,17.303767597825534
309.1373395205069,7.789893290609941,3,1.4872509799779714,0.6213717107153316,95.359694248663,0,Air,Clear,12.892403391562993
303.434078096497,12.902762673917836,0,1.5282885825512753,0.8461750379012707,107.40597361454235,0,Road,Clear,19.270988049225828
567.5785651851701,2.404448941544712,1,2.8373067069112534,1.8274519342564326,110.47788293478733,0,Road,Clear,33.41014084449914
115.25643762024059,8.445956774258859,4,2.1776890113345297,1.7190121146232133,106.01845349862448,0,Road,Clear,13.360540453887282
116.61427213802733,30.672579080044052,5,2.8227459660378416,1.6176795746209345,80.3801510615106,0,Road,Rain,19.099600398306784
13.267596918921338,12.872568387363517,3,2.930465271969983,0.6486934706573166,88.42275095484767,0,Road,Clear,10.035032291222338
198.98663052032907,17.652414758520216,3,1.8675200152579872,5.760496054607346,92.36107760271669,0,Road,Clear,17.816458087092194
434.4069874135979,3.7767064116375324,4,2.0247223630782814,0.9352943661419831,90.44423146803085,0,Road,Clear,26.361285018450825
322.75788790283116,27.076215150227544,2,2.140912322677666,1.8815515473675637,93.48583630006024,1,Road,Storm,26.474308682778673
255.39807305634284,11.963568750135595,6,2.5979225071996304,0.4922320909928938,111.10298168881,0,Road,Clear,20.072654615929093
335.07424783702265,17.221061847687544,8,2.147679281515753,1.2924779775889013,108.38385326246654,0,Air,Clear,17.195424408492503
213.69859337336155,20.010892006287108,0,0.7866185554560754,0.6084008057061117,94.91378404316045,0,Road,Clear,13.425783644231306
133.3834751669946,26.398642373767597,2,2.856075273885416,0.904732418529145,107.10152391989976,0,Air,Rain,10.140370028494837
493.9540987043552,15.349006284309315,2,2.152335896134084,1.6397738154922792,103.94610462958578,1,Road,Rain,33.88784352985253
204.71845015796617,12.183008903982692,5,2.6747931794738546,3.235944752453477,99.60569426795372,1,Air,Clear,15.425633110539465
299.7425696501296,4.661416449492134,1,1.5618443644549203,0.828764920264155,113.77869643126039,0,Road,Storm,23.366387044411773
21.663224697141892,3.4317829825518795,4,1.6867908947265435,1.5821067059299976,92.0644443109191,0,Road,Clear,7.893174966181268
26.179837454919234,15.121804565986604,7,2.222140881806334,1.86411340010172,100.63311444716106,0,Road,Rain,14.164835938082962
177.1860320900831,17.30261793041199,2,2.441009965830121,2.223022931666608,87.38967877197517,1,Road,Clear,17.452859766074546
86.88857004998246,19.409601643925207,1,0.6961467749551243,0.2140091792305225,87.96484654256179,0,Rail,Storm,8.786733185230249
186.93259125351713,6.650511987298604,1,1.5183570838151108,2.452544537759632,83.67081970134994,0,Road,Rain,17.487869770791946
116.50966411347923,8.511700938934082,4,2.4246409507345974,1.8793498042941814,88.1697141864252,0,Road,Rain,12.593051075895147
613.1689559298572,14.920563077884443,2,2.980589825365777,1.615837548288234,100.99720673386582,0,Rail,Clear,29.680213313564433
286.4314617039479,9.421762683041289,7,0.5291061279906333,0.7476445713505566,96.37018984909686,0,Road,Clear,19.947227486419813
353.13997078254664,59.62226717887567,4,1.1620205686043374,1.7229043263930721,96.76154451512102,0,Road,Clear,19.870689023707254
31.310632682048986,8.36097456460099,2,1.6621214547595173,4.770852327441926,96.41004258169761,0,Road,Clear,10.112946144061144
253.43968777457002,18.171339875175054,1,1.057354254420698,2.9972275424132544,121.27291150070494,0,Road,Rain,16.800386265171113
143.33437020038755,24.06756854803209,1,0.5673054963941327,1.0008363848645911,86.35383821443445,0,Road,Clear,8.14431006110018
356.90150566200555,25.09821203785873,5,1.8488575602633537,1.598501257166311,85.07088016321116,0,Road,Clear,22.9207612411637
232.70416722854918,9.287405645909681,6,2.1234965225991616,1.634997242748279,89.85492888911878,0,Road,Clear,19.20096023796348
156.37801332174286,20.080299705925803,3,1.540155152495283,1.121016977902366,99.13726198426012,0,Air,Rain,9.431702149615345
69.70386635178023,18.348459317643993,5,1.4246951992208483,0.4136255876493478,106.17725575104465,0,Road,Clear,11.489847343379918
175.15997473792763,20.696494788496302,7,2.9640264004487125,1.014471869977652,107.42305136662561,0,Road,Clear,18.660758061777383
310.13605823805875,14.773874837567496,2,1.6938213080504234,1.9786733939854686,111.33565979643745,1,Rail,Clear,19.00822458322647
368.3919543587009,24.18719376157316,1,2.4951736331042214,0.9964317655664952,98.7011336074937,1,Air,Clear,13.814063365090677
127.90754391824234,16.102980104824418,3,1.2179354304895051,1.2919261249034353,95.24414656111836,0,Rail,Clear,10.857884962771765
558.3732368149729,4.1359280492313655,5,2.57547063267958,3.2622229492080685,119.60152833942766,0,Road,Clear,38.26150021113157
296.6478541176809,15.75068367137693,4,2.559249222999742,1.298111393682318,70.0,1,Air,Clear,14.778245812013822
88.12777596837124,17.133752334146905,0,1.1692553036075584,1.3619707618674037,100.75310826932977,0,Road,Clear,8.29226315289504
74.57223522888647,23.02654652721878,5,2.1396373803542637,1.4955871613789125,105.1600833339273,0,Rail,Storm,13.325301903841126
149.01552551728182,15.135264202788317,6,2.205037441718377,0.9252161260569806,122.48420802852297,0,Rail,Clear,15.506573960490007
127.70238102471299,41.69691951569236,6,1.6065388223592942,2.506337823329966,80.07320593773704,0,Road,Clear,15.978519207526745
214.68924785902627,12.51526715525448,2,2.434450157193597,0.4936881729265526,94.95834833884773,1,Air,Storm,15.885754368014878
164.213423802214,8.89842205404065,2,1.267213152992473,0.921395683216033,83.70867758665929,0,Rail,Rain,11.510456120146559
134.6529696144522,33.38245057467645,3,1.7106795977940394,1.6046347524218885,78.42068358908475,1,Rail,Clear,12.799534049810157
51.90268384816653,12.253608146734999,2,2.975379264574476,1.0456154711598922,97.54569168848292,0,Air,Clear,9.241550382052958
236.81546704425438,14.110120175414096,1,0.9466891791324984,3.834355110626774,109.99712509134889,0,Rail,Clear,15.953847423321132
48.46846143270788,17.13898865979357,2,0.869456805043123,1.372000703995651,114.47163505997321,0,Road,Clear,7.551954423074248
297.1949385608825,16.11209122519368,2,0.8554967184922422,1.3439006540604996,93.61752630862912,1,Road,Clear,22.532659271083695
34.5157938605084,20.580153547851292,2,2.9952731795864294,0.6198924187527131,107.99831488637906,1,Road,Clear,11.376355873211876
46.24585479652656,22.09456462137249,3,0.899783191483988,1.0626115936933018,97.62737562001628,0,Road,Clear,4.43533558502444
87.84733604509879,8.251030144532425,6,0.9755980920798517,2.43168906563878,106.67888534947022,1,Rail,Clear,16.083590931506592
120.49009017951232,5.043236628463085,4,2.236966463518556,0.7797226049615751,113.85370297191069,1,Rail,Rain,15.511065127192511
104.81700919085453,5.620315148388336,4,2.398741562012228,0.27537502940219005,97.66923472780897,1,Road,Clear,15.762197557870966
120.15307886091938,30.95602940306875,6,1.8176532636654077,1.2071389387953206,112.92369258910009,0,Air,Storm,12.752039012452911
189.16064834405174,11.483069328819802,1,2.9566727979190457,1.420415515152702,85.44367254574784,1,Rail,Clear,15.231965150361859
89.26898146363474,23.918806049727692,3,0.5972722008031093,0.9716030366524303,107.87812620362843,0,Air,Storm,10.13459168339107
190.20987468620336,22.513849419974342,3,2.052052172621957,3.294971541769178,112.4040792734618,0,Road,Rain,15.981152124304458
21.953686229061912,14.107890818920826,1,2.0161732985040426,5.282346260379023,111.16251047947745,0,Road,Clear,9.94135410270257
86.95883531980758,6.563270033944236,2,1.3031119682160213,1.5969505168639957,85.77974425210604,0,Road,Clear,11.353981392560272
44.43296737053831,22.894671592666967,3,2.748601175194619,1.0541382172872213,97.53026800673578,1,Rail,Clear,13.150850559810971
295.2559797631389,13.748959423395293,3,1.8822042652627173,1.979413490124134,103.62610156267617,0,Air,Rain,14.005553397098844
97.5442140077385,4.745926153034715,3,1.1158506703955369,3.31017947441675,105.31662928481671,0,Air,Clear,10.959318170116278
228.29186391067944,9.48603893950703,1,0.7208962905018558,0.8304267652003235,101.39051139241472,1,Road,Rain,18.33199309173096
38.148245039470495,3.1484230297655698,5,0.7677972338454402,2.3441928694329515,117.15023538501818,0,Road,Rain,6.644707410715752
364.96733584544415,9.853386775493583,7,2.743323115675049,1.2062365446562682,84.45224787195892,0,Rail,Clear,22.31679232618331
170.09490959088993,14.659695389966965,4,1.1257719058460403,2.8764299334912824,97.11698999220197,0,Road,Clear,17.68973601751654
467.937949873343,12.667763859231272,6,2.767513254029357,0.6201388454295476,79.74673479953324,0,Air,Rain,17.744178361651848
158.35600772688645,11.532051274011103,3,0.8002947719974793,3.5868106830663073,107.45498572244674,0,Rail,Rain,15.928939063729231
52.39761288805033,14.547003142668125,1,2.9598381425248856,1.6353096230571333,106.65543336928341,1,Rail,Clear,14.146382566008333
79.5282140633215,19.716641166166347,2,2.5833726771557735,1.9752438524388607,140.0,0,Air,Clear,9.473654675332506
137.38613062464805,25.24288940562251,2,0.7905718539925362,0.5353828684524957,112.31631590062999,0,Road,Clear,9.430788846871463
81.71286377775631,27.593053827579098,4,0.7151412570408517,0.521192561635951,103.97638169384027,0,Road,Clear,9.491190855135713
278.7072041224042,7.486891764284142,3,2.5085929560537914,1.7562421234756542,103.05874090808604,1,Rail,Clear,21.938911470923657
166.96844465778284,29.443732977011177,4,0.6951656382241962,2.018093504334189,96.20066907248265,0,Rail,Storm,13.141215440929017
82.4338329989865,13.765140572415628,7,1.1554524641868995,1.127624793223007,101.56585232757413,1,Rail,Clear,12.430140915644891
254.4538777133167,10.559860743405094,4,2.503124523166927,2.1676894765440777,103.31498753912656,0,Road,Clear,17.91060360164953
125.9061547853122,5.777785850345869,2,2.7689500308708106,0.5320082787531882,76.42288794426933,0,Road,Clear,13.172077216258582
247.7878938024707,18.75724308384524,2,2.419130145646718,0.38528909908128717,102.36296308608398,0,Road,Rain,17.565317046452446
113.090259584417,18.246807940088416,3,2.7247320518821754,1.5026012579110595,101.2121148204969,0,Road,Clear,14.97160656772796
219.09185958261907,8.796995860690094,1,1.8997207825935676,0.5138633176337511,121.04815932071384,0,Air,Clear,8.634433969144995
123.05265486164956,9.0110919935744,3,2.4490279051237707,0.2832899432746755,98.41993888237019,0,Road,Clear,14.862767864628099
278.7638556265897,12.315084058269122,1,1.3604658212235599,0.6641635096647063,90.8134557540457,0,Road,Clear,17.132246057166277
38.86125530629924,10.416010174973602,4,2.4630351724900383,1.9691278418470888,103.22238498495958,0,Road,Clear,9.988249557856456
65.60728530616329,7.198022673937746,6,2.199352268561218,1.6107209555463347,100.89217686257565,0,Air,Clear,7.823322920853953
145.32436156872114,5.21151348121058,5,1.9370751591476503,3.338370960221751,98.43279252251976,0,Road,Clear,16.283425288447457
100.549351375873,29.66510671055834,4,2.980753301705625,1.6901036644208312,84.6521342704407,0,Road,Clear,15.348861640337342
120.60384143683108,9.446871009058533,0,1.674448812187103,0.5513168384117784,98.12776601428784,1,Road,Clear,14.274188559951064
234.0155516337616,18.173444615687796,1,2.048118093926379,2.0618906906578736,93.04969753319183,1,Road,Rain,22.260110224837984
118.94639275623744,20.76018887139537,2,1.774764217159618,0.8115704812380108,97.40222201305203,1,Road,Clear,14.665903705236522
194.30872863563275,18.82246226529107,1,1.1512783489398952,1.1108848143159837,108.78583867829319,0,Rail,Storm,16.227647069990876
86.52995308098119,21.549795965165405,2,1.3259137024168137,0.8242726891214345,91.90582792904969,1,Rail,Clear,11.85608937866625
32.08113684589816,18.673703665879522,5,2.9469644198898526,0.48355129253540724,97.34521020400548,1,Road,Clear,14.403858168567055
246.89495238677,8.121808680335716,2,1.4802761450367672,7.126152057759505,106.49445960329787,0,Road,Clear,18.66452709609193
412.1349430384361,10.884974231809489,3,2.1985156685918623,0.7104944825879729,96.76717259053078,0,Road,Clear,25.45197077438221
182.26431956233603,29.131092435364923,1,1.9177431591717857,0.24447775274159708,131.3102318463939,0,Road,Clear,12.229627811002928
150.37269512071703,9.225675662424404,2,2.7245131795237842,2.235422386076888,102.98639801095666,0,Road,Clear,16.258361117998
170.72520863174168,13.779930307581694,5,2.394225195157512,0.17788489671700058,85.09723561268996,0,Rail,Storm,19.883572931134797
336.5119557154744,19.777712977522167,4,0.7016285149996431,1.2136341031523061,89.92836708308283,0,Road,Clear,22.047497935157786
183.5883980602465,36.397887113387675,1,1.38860467859686,2.4735330100490263,88.72078253695199,0,Road,Clear,14.15061614298608
253.91667263321625,27.4038363528526,2,2.279783856894522,0.4261722734426135,90.09968456381164,0,Road,Clear,19.529774545947195
247.39328031848072,6.334356850321526,7,0.9033920200292516,1.3738609413147405,106.44373741863302,0,Road,Clear,18.519778495393385
292.41870911845996,17.76325436481414,4,1.7585979538994243,1.0754276512641476,86.72188652439084,0,Road,Clear,20.92893143727017
148.33388410325725,16.324284762812912,1,1.2944226208221692,0.7001601054601303,96.02553092397726,0,Road,Rain,11.363424725125277
112.08368147869483,10.959063311772233,3,0.6618855744837575,3.3448448823552392,113.7129628991282,0,Rail,Storm,15.492687400371686
220.53834399338038,14.082978309876342,4,2.99286521959656,1.0679809324281615,93.7627341453729,1,Road,Storm,23.48123670366013
280.57367241296754,8.055645569435047,3,2.823411498772866,2.2038843596977507,108.0578387537156,0,Road,Clear,21.617692723949308
311.4265661902457,12.145684605186972,2,2.368815385770815,2.6200493296576446,79.80435695427603,0,Air,Clear,14.927687573960721
360.20205366121763,9.295089212703774,2,1.002564588133365,1.1730187829791494,95.55261935051209,0,Road,Clear,20.97765397765411
266.09637344600395,14.879719661831368,5,2.9713154839736755,0.5619297740675085,89.36865535071045,0,Rail,Clear,18.71856122347798
108.0081276665584,10.646175765704136,2,2.0769807074150535,2.6632923928014116,103.59725147910758,1,Road,Clear,15.278099428445389
182.13228775038345,38.23019842159014,3,2.915188594668235,1.2155943593511915,87.58266246749562,1,Road,Clear,19.83228950330902
172.43280596717187,15.243597162709078,2,0.6064472682296735,1.3190849292029085,124.83588256262071,0,Road,Clear,12.700534391984757
161.07851359048072,13.171032374365632,1,0.9336767933379273,1.0150953444699453,80.32738127098189,0,Rail,Rain,11.7383614315913
220.80096625393747,11.655247448354023,1,2.1931172130289487,2.5975110428347175,113.6293737265449,0,Air,Rain,12.772834484169117
139.8234693788697,10.668629414359087,5,2.767949277864184,0.5009375786868185,110.53932502725098,0,Road,Storm,17.685470182673175
139.95315452111365,4.747002571295891,2,0.9394555319820257,1.3319656242128923,103.71833387836004,0,Road,Clear,9.255201811360635
426.3846819475775,23.879891858907875,5,1.2927455990628118,0.5741414564478808,100.6531990421439,0,Road,Rain,28.50963313082563
153.2377378058317,33.41439480428886,3,1.9704433287714749,1.0120764821491715,122.25950404787889,0,Road,Clear,15.945651066148631
291.20358674942736,9.181715813940643,3,2.9991525503905785,2.842113642517692,129.65156667293465,0,Road,Clear,23.81051544139855
300.9357989710485,29.029689490116926,1,2.4991627169577,2.8180510804553593,97.51279974072662,1,Air,Clear,16.190380986867662
185.19115422019365,59.238991813803665,8,2.808906947457228,1.1383097203327295,101.89323248540974,0,Road,Clear,18.115936767033606
143.46169063748818,45.85126886672729,2,2.1875313364943567,1.6891442372804275,93.3711973869646,1,Road,Clear,13.254544061665364
89.00246614765854,32.4394072571844,5,2.6934281766666306,1.6655743033828376,85.96855122490372,1,Rail,Rain,15.93061843199886
47.891016618113454,5.3131454497723105,7,1.7676125807926417,0.5763002899665034,105.5573530511749,0,Road,Clear,7.4369440170293615
230.15999025406225,5.257251559365001,3,0.8103965873554804,2.0054871408135297,102.99546883582451,1,Air,Storm,15.153620823199445
203.3661461182748,21.47750416418215,4,2.27389354807874,0.6318681163587774,80.67734456337948,0,Road,Clear,19.127669429017843
250.2243602252224,13.881515969582754,3,2.0036873059997395,0.9647788966270691,105.47202382227596,0,Air,Rain,11.688974150659082
116.86111824653693,1.8793715264052666,3,1.7133751602871468,0.2558662812272318,103.39767823667201,0,Road,Storm,14.028564831148072
450.8683006518315,10.043118235967574,4,1.1874772887944327,2.2511601216235317,92.78506374950089,0,Road,Clear,25.86952191781994
214.13468366626685,20.826340688192314,5,2.4605075304808937,2.606270710650578,92.00172806945405,0,Road,Rain,20.91146898530153
149.62790564247052,12.27942647488132,1,2.5510252035412186,1.7345722435376416,105.08535720892247,0,Air,Clear,10.439259762173371
30.321647849715177,13.9320904157388,7,1.410464068587746,1.3797665358466609,119.30657986216775,0,Road,Clear,7.930264772453695
125.57791139172502,5.250137313479633,5,2.819416398986398,0.9239517903792825,104.78074755586483,1,Road,Clear,18.36608181233103
257.1633531141333,9.941509972691616,2,1.4243542359215253,2.291433664434831,109.36581101503313,0,Road,Clear,22.09250739479838
354.9138582741263,21.540266204196044,1,0.7689062370319562,3.885931780556785,90.01364327632169,0,Road,Clear,23.981342139285047
164.5553175236227,9.561248346776798,4,0.9163209187764477,0.7104164791230108,95.02873132508589,0,Rail,Clear,10.96382146883632
387.9275914615444,30.596541265472403,3,1.7362886760222929,1.1598494791815486,107.29620127463261,1,Air,Clear,15.272791234016664
84.34255586129308,14.167071104984602,6,0.6996574833778422,0.5454315664582615,83.69986138421122,0,Rail,Clear,7.99400244780824
207.04263904826882,18.707883053252303,5,2.296031360033351,1.3855815137180416,102.48642037964211,1,Road,Storm,23.128536685257767
210.5344628535188,21.206083088354088,3,2.487739638244606,1.0034573502859472,105.92107639836948,0,Road,Storm,22.720567453182756
231.24767496017157,20.625626708354257,4,1.8736708317382786,1.2260011261113926,99.5375908004611,0,Road,Clear,19.5852130343126
178.59939434208135,6.177363761292773,1,2.733371132450523,2.3122756764607,103.83246438925921,0,Road,Clear,15.049797913156116
200.33959516894942,7.153876994801251,4,2.8857161668656297,2.773943486035493,100.69383817340527,0,Road,Clear,19.811401931732057
82.92872185766552,1.8383061352479806,3,1.618952719276645,0.471005224026462,92.53406076726604,0,Rail,Clear,10.36193982781701
335.64515673981634,10.85555542896645,3,0.7228179205577546,1.652981041479194,85.86271880505367,1,Rail,Clear,18.398829236581204
274.81887890338703,6.70539249976928,2,1.078160274105184,3.3525575123131186,98.91623980842505,0,Road,Rain,19.933405313135065
195.65709773472014,9.33587634761531,3,2.1440401092837273,1.9194953353768243,115.65407204072322,0,Rail,Clear,15.72267743971435
278.53860153893083,11.7327616319311,5,1.5144609576245054,0.5874120338810273,112.29256877112552,0,Rail,Clear,17.379384411571607
341.75424635672823,15.544164289190963,4,2.2125234853741107,2.6905418757790542,95.85601245396674,0,Air,Clear,15.181686797867282
229.28037319027092,12.418765789501569,1,2.1668379653819723,2.0146913380171685,95.60674673643636,0,Air,Rain,12.775372815364284
478.38917961764156,12.247549671441206,3,2.0134203415292844,1.8780570464083841,94.72345132675625,1,Road,Clear,32.11847970798071
240.51975167041292,17.680075799068717,3,0.8945814172474599,1.1339670204517835,94.72499356973026,1,Road,Clear,18.107075753932754
92.17100720097419,13.485750244336224,2,1.214788240142807,1.7976762324146431,103.45299307722628,0,Rail,Clear,7.679484999449292
189.7877375707583,25.07513750045248,1,1.4446540663645306,6.85477308445278,112.68977674439685,0,Rail,Clear,13.604562616571314
284.8153481891394,13.517506128385154,3,2.561044974828973,0.2108004791198657,127.15371081958288,0,Road,Clear,21.605676722788214
341.9419716753633,36.544839570020244,3,2.205557091908666,0.9565248493019208,90.04182975376796,0,Road,Clear,23.539166304904384
180.90684710282545,5.963546060924489,3,2.1123356650068725,1.033093570545968,107.8141641629693,0,Air,Clear,10.94424280787253
87.19010345580281,10.707007680949912,2,2.1803433617774317,0.1,106.50801283607264,0,Road,Clear,9.562788600941593
141.5090732066353,8.176380327451778,4,1.7580052036284906,4.871846425952666,96.04304296627546,0,Road,Storm,19.553204044412436
61.81800535609999,15.979541927847384,3,0.5990792886701586,0.5451290899608069,87.68788901136568,1,Road,Rain,10.855328751942956
255.0387391854861,5.960165154227156,1,1.0028017187474043,0.5146526825379599,103.30447716213617,1,Road,Rain,21.016239013614186
124.56456801225828,3.8119193000634253,2,0.8507553895010032,0.32542031377614394,125.43855744250074,0,Road,Clear,11.11724836069796
102.26817968732455,6.974874749997627,4,0.6599916609842766,0.9479093583035803,103.22856525422354,1,Road,Storm,14.341928011499999
269.5660258939489,4.0769975375496905,5,1.2986916199582461,1.8723150690926535,90.55322071459136,1,Rail,Rain,20.22144146378878
383.5223015420847,11.85068591730176,2,2.469325479240871,1.3068901502553834,98.11280429620192,0,Road,Clear,24.280124767223366
101.96948288315555,15.511990806358174,1,0.7878295091095109,0.6193452952954589,86.31791167469845,1,Rail,Clear,6.224020228832354
181.62595422865303,3.27972347540891,3,0.7785562927048046,1.8001471323707923,100.22212343071918,1,Road,Clear,18.084461133172624
145.27636460313627,10.19977365854652,2,0.8106600479787935,1.3190844637181813,108.20089633200138,0,Rail,Rain,10.632787807415978
350.9422534948068,27.354421114060397,5,1.174554228141103,3.092059899942205,91.68879898499208,1,Road,Clear,27.403279064003527
155.87826128585698,32.723004403244246,2,1.0055178451190592,0.7855530455505821,70.0,0,Rail,Clear,9.695820050474415
81.51656719543199,22.717122995801336,3,0.5349027911839848,0.7252300994415477,103.32257287314691,0,Road,Rain,8.477470121064597
160.5220985452449,1.1013053171799594,4,1.1912557839608866,2.3900469340322306,93.98136927648426,0,Road,Rain,14.322192676516378
309.85594373060326,14.517114814966531,2,2.9907361616402928,0.5267838172324402,90.99196198258645,0,Road,Clear,22.882107802587452
139.93914988185193,29.497450212537842,1,1.341216107139822,0.31489023184703857,90.88838075962416,0,Road,Rain,13.051400841055264
109.23968300958639,9.414916844846537,3,1.0281475799345567,1.2874797629111896,104.80302310836215,0,Rail,Clear,10.142577949278792
151.54058503234003,4.822104609304221,2,1.7392848237304297,1.915491979215651,95.10512905208263,1,Road,Rain,16.344833152981334
83.36815058429292,28.041663619054134,2,1.0734211606236923,0.2906820537885408,111.16534758904491,1,Air,Clear,8.618396463297026
145.15803297870147,30.81172255470897,4,1.8991130033017827,2.573067730038554,111.42942000529547,0,Road,Clear,14.078874622844584
114.7661701615265,13.413414298783504,4,1.5016396160020749,0.25983230189139006,96.7524159415081,0,Road,Clear,13.647385227101273
527.5719202073012,4.863273546402136,4,2.742103295698623,0.821584275754184,93.74960829988275,0,Air,Rain,16.440570362321044
36.785167072645486,2.8760677751161525,1,2.8197981555331264,1.3144049752975573,101.53250206443872,0,Road,Clear,8.557558591439381
91.89268515560505,17.143564019809894,3,2.2826531450666163,3.294914251144163,98.25528181837367,0,Rail,Clear,11.868887403631229
109.18425234660515,8.232646004972047,3,1.039235619350591,3.430830968650944,78.96983570352847,1,Road,Clear,17.392605075341603
83.76851770519399,12.798977500536184,3,1.6847463696836207,1.508156843120548,122.96924502470902,0,Road,Clear,11.986733377999641
208.24325051280178,11.802882238285338,3,1.2635579176018688,0.9390658908343865,108.57202896892724,0,Rail,Clear,11.858459894824765
100.74147498990433,6.66569464903104,5,2.4956936727746823,0.9866933436141325,94.43817950166496,0,Road,Clear,14.527887312633204
56.86606007179931,2.717117391983781,5,0.572935272884258,4.559444384173005,77.00340145752845,0,Rail,Rain,11.186578648059054
171.92417006526202,9.612195808992865,2,2.1562292358620714,2.9241912709474187,97.83481765517384,0,Road,Clear,16.54605828818993
134.85634965897881,14.931698831597105,3,1.3080670653603188,1.7443875135976357,92.94427815957569,0,Rail,Clear,12.16877241438036
103.96680267709002,15.440180794577122,1,1.7025114561209542,1.5436510816918019,99.2731215630778,0,Road,Clear,11.300449618230118
345.96666861938917,7.810426494466912,2,1.307487428222665,1.4398116980842595,74.03355418864382,1,Road,Clear,23.868965257921932
212.40330939533916,30.397847749160547,2,1.4119750681459102,0.19908079891778613,94.33304029735537,0,Road,Clear,13.106738937231636
198.54835865029193,5.313060228141068,2,2.1859065969821176,0.1,95.06413717070795,1,Road,Clear,19.71030165522319
215.19203945681272,25.925357698100747,0,1.9887358335743759,1.1050752230030327,97.69269668903398,0,Air,Clear,9.328804261866104
208.73188440176807,14.588582132096638,1,1.1102231142370913,0.46852056576399204,97.16550782710249,0,Air,Clear,6.371559743501336
139.25538765599316,9.678604765730626,0,0.6090940703690682,1.557624945484339,100.62700999447281,0,Rail,Clear,8.116821099415043
101.46068289031322,18.73926481013367,1,2.640054524632676,1.472131831624616,118.2541285417487,1,Rail,Clear,13.105651634722978
174.2340848180083,11.27755614044277,2,1.7307667040588257,0.30719019342404763,93.81982975303563,1,Air,Clear,9.849094684854345
137.63837901846355,3.764844914241355,7,2.0468255606229584,1.5809465143198151,89.06610452962089,0,Road,Clear,16.255607080914892
36.34756043821491,4.972657500123105,3,1.7212481811598943,1.6481679611627678,79.27203374411616,0,Road,Clear,10.083456083660277
78.68788280486976,10.72965255455826,3,2.04735051733265,1.6145393301041029,93.86666611399565,0,Rail,Storm,11.232321385984278
126.77563098463757,8.702034073427651,2,2.0674311794964324,0.7930001099421142,83.18498891240577,0,Road,Storm,15.449477200005225
272.90510658932254,25.526561351887548,3,0.5376013418860102,1.850910513341187,111.52115553529994,1,Rail,Clear,16.137966123570738
174.69716520926542,8.385053952302066,1,1.833147791499021,1.9386098078822886,98.84673003238265,0,Road,Clear,14.492980445148042
89.53203218338628,7.974262514812217,2,1.755269922260166,1.8391148913527546,111.27357982007828,0,Road,Clear,13.429330247934356
73.90379702710278,7.149748187748314,2,0.7395437907226411,1.0632369108002935,117.58836467740115,0,Rail,Clear,6.0488607653133775
306.6274185700878,6.653020342922419,4,2.3647046524907642,3.5977124425630573,89.61930559231008,0,Road,Clear,25.809481766333967
143.34829172081163,6.836607305515112,5,1.0896484238594357,3.1059459348018086,95.83168287823828,1,Air,Storm,15.242678368447473
11.509888256033934,4.316615056474326,1,0.6363133693849616,1.382260233316333,115.98024161844572,0,Air,Clear,6.624128934436449
149.14862233042723,15.03594968380002,1,2.5078974352085233,0.7335483089109431,102.2706109525252,1,Road,Clear,15.874400902757346
239.68948352291238,12.005075966771408,3,2.6628293782806884,0.6611423406177154,106.25811924397473,0,Rail,Clear,15.871318907300642
72.26720980414817,11.63257179114729,3,1.1017368907875658,1.9682331889508078,112.395730857637,1,Road,Clear,11.66846812491868
166.71075303276126,3.0554143731300747,4,2.2188637923758945,0.40358796286114,110.75817584396844,0,Road,Clear,16.79725571090927
176.3949277649967,17.625082824011564,2,0.5123766851562421,2.06978192905154,104.92431463949247,0,Air,Rain,9.295137487566885
75.43705394479414,18.87191538008911,4,2.302874895955762,0.3482263289720453,116.75633782213592,0,Road,Clear,11.689058381700779
322.5859513116663,35.39596159673425,3,1.6620511086016092,1.2141959003048708,99.1809482969426,0,Road,Clear,22.57656856853273
178.25505637818048,18.169635154321767,4,2.4812077661707486,1.958026011517819,106.23297277909421,1,Road,Clear,18.169186388482842
126.35714461763128,40.127205320782004,4,1.482584931664817,0.6869213886289574,97.87889794777804,1,Rail,Rain,14.945890151032192
143.9558064664089,7.660985982811137,1,1.377689318801954,2.539423306136401,112.2466200288892,0,Rail,Clear,10.37230306969805
65.33633201302334,36.65094818463941,4,2.601962187843677,0.9654946151515175,91.59082434495143,0,Road,Clear,14.069824663568447
63.3345519319544,18.58124377830515,6,0.5966167447879149,1.3039310815609473,79.8057239430451,0,Road,Rain,10.836093578339003
118.84081643289956,16.98000711495526,2,0.9679124671910423,0.15679796543955915,107.8590974490418,0,Rail,Storm,13.239330951821195
123.6912511859897,11.41066625059304,5,1.5303221722189644,0.3380396553482351,87.75833760963144,0,Road,Clear,9.548091363641337
138.04825801965848,9.648482054825351,3,1.990845403478601,0.17297771511782667,86.56908806820347,0,Road,Rain,15.230258999859132
338.8227905060014,8.143071556404008,3,0.5127812827926008,2.2206488040380656,115.17915921376485,0,Road,Clear,20.357113233766295
232.20563788506843,37.47036843392002,1,1.9378692366684365,0.9286084383246274,111.5953546142941,1,Rail,Clear,14.732720715731718
41.43402551650956,11.137604456061998,2,1.4462313490845011,2.7166570734309,95.88999122985643,0,Road,Clear,9.054790010291994
302.7063498933794,18.81423136145773,3,2.0750051092499087,0.1001370453418265,70.0,0,Road,Clear,18.587874343283286
118.23709898897852,21.732990954543258,5,2.7674345989730735,1.7909198188837934,106.39888167089347,1,Road,Rain,19.562997940256256
245.27824998110685,21.5223055379589,2,1.6021800290665,0.1555916443383119,107.9500584707623,0,Road,Clear,19.000986284450523
124.44756850525472,15.085480380826603,3,1.8864466082489288,0.6181332164241314,106.20173601836363,0,Air,Clear,6.464215479041325
171.41880550872077,36.20750986107919,2,1.656974796232143,1.1973155800085322,105.65024189076655,0,Air,Clear,9.46294347245256
69.00778427687305,17.796892052966623,4,0.7963050080290169,0.9043644674443881,97.82332993424832,0,Road,Clear,8.483893847957829
194.73230985394846,7.976694399311934,3,2.482782469367801,1.615088129660984,95.07437027478892,0,Road,Storm,18.014273836173572
261.54485445062625,10.002493316152883,3,2.712989301434478,0.7883032062444237,86.72605756464415,0,Road,Rain,22.758517202637766
48.109054722220506,3.2320184307288264,4,2.528666453208699,1.0937539472506344,91.63123989175845,0,Road,Clear,11.509423817899249
263.8837995474238,16.27620214025193,6,2.8689914358801873,0.5204224006056587,103.85781591930206,0,Road,Clear,24.500065323222778
101.17689343896384,19.917768460655044,4,1.670071294492211,2.0330615833365804,104.05512341074015,0,Road,Clear,13.133709616596871
400.48549434831756,21.113943958925223,5,2.130804388756847,1.4234384440021124,109.4778945890438,0,Road,Storm,29.00481066198368
247.90989978425472,18.58148820389406,3,0.9208540124702695,1.7764262680995906,83.12282493555855,1,Rail,Clear,17.20406857595019
223.41851817821157,11.440631515530006,3,2.9420203029506524,1.2712280364427428,80.08929226363912,0,Road,Clear,21.09117858678931
144.48485723485996,13.1030744176908,4,1.9513851246849234,2.2965593816057375,95.44353865102256,0,Road,Clear,14.30302783174707
581.8775302442048,13.131312778039431,3,1.154157770252199,0.8010028013724256,87.76062825465593,0,Road,Storm,36.64805240810563
118.72347229514287,25.587004311765117,1,2.5134356959222064,1.3676513719310144,102.23184947785434,0,Road,Clear,10.060564100131094
79.9869137272814,2.0843585004079457,1,1.9662277930214125,7.404637245972257,84.28148058952121,0,Road,Rain,16.978083227957526
103.57583142290311,9.14124346652089,1,2.8741874549220605,0.439658200035838,114.16278571108076,0,Road,Clear,13.647940602220924
288.81855920367354,5.6001315384285455,4,2.4249434476216125,2.820908085205824,90.13527569872493,0,Air,Clear,10.415990506585969
169.43576994610822,45.93350565859111,3,2.6931620580279922,5.325485481068412,119.1120908955939,0,Road,Clear,19.71549406659919
154.53339175757975,29.01862258789876,1,1.8666250221883374,1.903583873753878,106.29162220614235,0,Road,Rain,12.57542778946555
119.87692618365863,9.44800246518209,2,1.7932710633636177,0.1,87.33721539986998,0,Road,Rain,11.81343328566142
149.59948934205124,3.904437135826828,2,2.3933161780266787,0.4614655044347526,125.13694018424586,0,Road,Storm,18.364775814671226
114.55735227322957,4.985720691484831,4,0.762534938738388,1.629338663349374,103.18542777541016,0,Air,Clear,7.311352038857169
235.74419486713654,25.354753934695285,5,0.6350789787089066,1.28493596752803,101.99343287402507,0,Road,Rain,19.549762596232956
136.07128162804383,3.1364516043478643,2,2.959255615178393,3.699852998062862,99.21745537152295,0,Air,Clear,12.333882634287704
104.8648425990645,13.26014164315212,6,2.7907388217669395,3.781920055591804,105.59863986324335,0,Rail,Clear,15.043607881343618
275.07270043689357,22.62725073220047,1,2.8891523531122667,1.2094176688750864,106.3050473376716,0,Road,Clear,22.482889237238545
81.78751223016542,4.55429951009123,3,0.6559101587409895,1.2816313905592307,89.62031257761879,0,Road,Rain,9.336062998698461
170.8886633978391,13.155585153624367,1,1.173253529775122,0.8454420850831718,97.43738259363658,0,Road,Clear,12.786405950102544
36.13631226408175,9.571794043880406,4,2.753855947985045,1.8379865337366608,101.38841149300573,0,Road,Clear,11.324750693300642
59.50006466885357,8.613883492047279,2,0.7236989421903315,0.5874036343929231,106.99288557584755,0,Road,Clear,7.003903394524195
126.88375181170115,7.480511087211661,5,1.6285862802709945,1.1711630289517412,107.1962713247677,0,Road,Rain,15.952669762775779
113.19067469136945,23.90631935020018,5,1.3532283827794376,0.6277069563202486,101.97450153008757,0,Rail,Clear,9.752878438094877
113.07716680247198,33.13949878478762,1,2.6996261962515073,1.5472692646707236,93.39612453253007,1,Road,Clear,14.546346110879343
249.22069658981562,10.765181520295089,4,1.7951903308428685,2.6981464701094033,92.78089707416515,0,Road,Clear,18.095095396696443
257.64847779039866,17.031909547273123,4,1.2259354555172595,0.3452097146806705,85.70213916390495,0,Air,Clear,7.096244008986439
191.11126546807964,13.379915592468906,6,1.8107529394700215,1.1100596446988775,107.11121397256522,0,Road,Clear,18.869095054311973
78.73857308055776,2.3975215371683674,3,0.7811155140304202,3.2975290719185177,92.60827487063231,0,Road,Rain,9.722421386396247
148.87646165964006,10.441909219501694,3,2.32800683139116,3.9804203588275415,97.69894602959289,1,Road,Rain,19.40339263930626
432.33464004603286,1.9156586210248348,6,2.0458438861497754,0.8516231412610882,102.85292688372981,1,Road,Clear,31.797256152770863
549.8557353015908,8.951031482371304,3,2.001771952652338,0.6548740644820056,100.0472100187323,0,Road,Clear,31.665399245078415
276.6038109841818,12.888624156339636,3,1.5946108825210232,0.1,99.93266419925475,0,Road,Clear,19.305404799797444
80.92735187169558,21.408697218580578,2,1.235610382734977,2.905507335627539,89.14045696825274,0,Rail,Rain,8.887233884211788
149.69346583539436,15.964840381679544,2,0.6634516318363035,2.7767059475011653,103.22635070064513,0,Road,Rain,15.661924482977584
183.68207457405694,24.3243096720118,3,2.8675812603201343,1.4180892787634591,96.24605611086513,0,Rail,Clear,15.399473787544846
167.5019014472239,6.5072413187686475,3,1.5413848038972537,5.717326814940474,98.96319463051788,0,Road,Storm,18.87082922700903
293.21094905508255,30.42218446108351,3,1.7398042598722148,1.2843073572742512,113.89562189279194,0,Road,Clear,19.08196974703901
242.94713303457928,33.16254926378726,0,1.4394168869827535,2.96846724726184,106.06381832719771,0,Road,Rain,21.253400447064408
77.88296496304409,1.8062472212604146,3,2.9696933766841944,0.8934500050433951,93.15033273467564,0,Road,Storm,14.873565622814986
106.55494516252207,2.954274216107431,2,2.4904300265467487,1.0729176697915042,98.21303289292237,0,Road,Clear,11.069964183644034
275.9425328590153,12.664255784508718,3,0.7394005619534229,1.623664820253854,119.19324285416207,1,Road,Storm,22.919932476241783
345.1384619873114,8.425339219487132,2,2.020437661768157,0.6346294874575135,96.31141057646072,0,Road,Clear,22.37316806530012
185.0526093277297,9.505858448904952,2,1.7115864341310931,2.4248681164720565,100.47857491812002,1,Road,Clear,17.96367435118306
369.31153709297473,15.861581424101363,4,2.4833800880491017,1.4574503538800476,107.96974682388954,0,Road,Rain,27.391933614669835
172.6827002059087,24.97850558070237,3,2.9932900303921333,0.20897179773776503,102.5822978548411,0,Road,Clear,16.97700946956176
87.69458196820774,6.217033956763852,1,2.36076685150603,3.0172077481778814,95.52618257623588,0,Road,Clear,13.256066386166745
230.36356469480614,27.79997790256984,4,2.6623220520124833,0.586748049706498,91.0789532529025,0,Road,Clear,18.868837424669366
685.9595961738298,7.36980732376647,2,1.756588755889538,0.641279899614812,99.87881269920139,1,Road,Clear,42.14701853448711
65.71715769448141,49.96515789236936,5,1.4339949759024089,1.0674844052874388,107.89623213236653,1,Road,Rain,13.027923044176328
361.4848525850228,30.567152328068897,1,2.1081992037634105,1.8750379229545677,115.85080247970144,0,Road,Rain,26.99298024133771
222.8723071066201,8.005459599691216,2,2.3735460343402432,1.70137158104084,82.41575095605951,0,Air,Rain,11.914285078206936
102.37492724973522,3.989530735070191,3,1.0688348330100763,3.718977613382313,121.15341192995885,0,Rail,Rain,9.763404315872481
36.88706673683191,7.855351838902518,3,1.7584686996494543,1.6378284678075983,96.53909136731261,1,Road,Clear,8.66919013381831
25.501270966184315,6.9912469718912735,2,0.784477466977163,0.3136477806682225,111.09792001906735,0,Road,Rain,7.0929230558407905
112.92655787426911,19.620202320306095,6,1.040882033198086,0.5151507201820155,91.14957667349402,1,Air,Clear,12.044581789280056
202.0675044295712,1.859896623070748,6,2.704647225358076,0.2855217120194463,80.66992690209463,0,Road,Rain,17.583982134498005
264.52323631589616,2.9922023073928345,2,0.8618299565768157,0.2800654181706305,84.24464595898552,0,Road,Clear,14.940472311229469
299.8258868702647,19.236378623115026,3,2.52837062950553,0.9669211055206852,96.02851900353922,0,Rail,Clear,19.092793450245424
191.6134365750568,6.742358464396711,1,1.4314893581326011,2.867995663920018,106.2891178308544,1,Road,Clear,17.37820068395068
174.2846657378629,9.043521468447338,4,2.158803438859498,1.4511295519319067,100.374309483723,0,Road,Clear,15.256159626165717
129.58777962778976,22.55757850898333,2,2.7758159291060127,1.929016536741929,96.99718443209633,0,Road,Storm,16.684223349370342
204.96704888113334,25.730648105978933,4,2.4522467002068957,2.3959759020263585,113.41627982237864,0,Road,Clear,19.229305340906752
103.42159281593361,29.599270947223722,3,2.5648527994961423,3.0124066802974463,100.02382985273388,0,Road,Rain,16.59749880264221
68.29375765694537,21.285556495797504,2,1.1528726752583576,0.7041149552178032,103.35741604352687,0,Road,Clear,9.235292826367365
167.82720301088966,11.15125790693107,4,1.4041865090676249,2.7330017005675398,137.33232786204684,1,Road,Clear,17.38103807492319
253.01548272743207,10.45194187833185,3,2.331980051349147,2.4822467564200177,99.9035379200075,0,Road,Clear,18.75416191557626
57.970157133596565,9.530910454639878,2,2.4430864665532144,0.9336691703354971,91.64985864560522,1,Road,Storm,16.3953693788011
112.93407683765723,4.570443871119711,5,2.475130669002196,0.6642775842898855,105.77151720920203,0,Road,Clear,13.950963313488156
164.0688124100868,6.001255922636445,2,2.3502699535107205,1.1590926000734976,108.80906739862293,1,Air,Clear,10.458046449904582
161.97128634614344,27.07438157411567,2,1.0790565281063622,3.6459521028318416,103.61180149937077,1,Road,Storm,19.62901710217449
219.42381959454457,7.326216106267942,4,1.22271660038982,2.976666876301607,101.88294954723268,0,Road,Rain,19.00381663883282
425.42022644997905,4.5974968510977305,5,2.8551025189101393,0.9264690976296409,117.78677155189463,1,Road,Rain,31.710019549859428
25.726362648494685,28.585399554952087,5,1.8846509543633183,2.791102233600265,116.28696654730754,0,Road,Clear,7.576791622665056
436.16684230022423,15.174365298944615,5,2.386126003193433,2.160499075172067,98.59478617465635,0,Road,Clear,28.268195713201102
414.79689028799606,38.00339830719899,3,1.9979891988985539,1.8865631758004502,92.27806525732166,0,Road,Clear,25.87046347757457
267.0455314619938,35.39429512768682,1,2.8112546631170447,3.4463342439451363,105.15043411775484,0,Air,Clear,14.86564046716937
182.9972523020349,4.9774738595585175,4,2.671954545240792,1.68418135457497,92.20919970421859,0,Road,Clear,21.039639627738225
104.79871757051306,12.047861646602652,1,1.1534369783890597,1.3828128287541142,110.62194001731632,1,Road,Rain,13.601523899067988
265.17538310566954,5.61558121144796,4,2.711773679889722,0.16609886440620958,105.08867531472288,1,Air,Storm,16.452566802403666
188.68413326203307,5.572213879782336,3,1.2500983969507826,2.3816595196224255,132.04037246169364,0,Road,Rain,16.165963072855586
131.36689184243312,9.314305183969495,4,1.602451128576654,0.6151661547722984,117.67956274665045,1,Road,Rain,15.96329332376331
261.2322997899051,20.01852714979332,2,2.6280839452972575,0.5288158720445637,87.0551140243195,1,Road,Clear,22.92387874517487
287.4274807813412,20.1007012647058,3,1.3100476883475176,1.4196360732260094,93.77453582068739,1,Road,Clear,23.295401377677308
343.6207432704985,18.409703557944677,1,1.2269297954687488,0.5178529658546895,77.03259598715408,0,Road,Rain,23.720987110432585
97.14029418795319,11.125016416100655,3,2.1716421234898,1.7891477320920097,74.34703832023118,0,Rail,Clear,12.186867972905572
318.72819362867045,20.84835058776194,0,2.99919090603494,1.5677584690810846,101.36592240777708,0,Road,Clear,22.951889108357168
132.93982159816562,4.534127354563178,7,0.8276424527286204,1.4654507100540197,85.69139552449994,1,Road,Rain,18.10581509433726
183.30532850875454,15.350514762113997,2,2.2526516162992576,1.159452720538649,119.69422877955043,0,Road,Clear,15.41124609084534
205.0653677568369,13.19722659975248,1,1.8173884697630458,2.3282030644176848,113.8949854762254,1,Road,Clear,18.58569568541939
304.0839000792263,10.618560747247866,8,1.5265437257717585,1.7944995810896225,96.74206679721235,1,Air,Clear,15.286138905848635
245.94272457217593,15.779989879261214,1,2.37464687426954,1.7719150003902677,96.0602507158914,0,Road,Rain,17.17617440405504
129.9561894034758,5.713593561883117,4,1.887090823524023,0.6711815671701542,117.82447548144816,1,Road,Clear,16.90399460688355
28.948317859443655,18.91911032700598,3,2.49452787010349,1.245263288196857,120.5752875078595,0,Road,Clear,10.783629231678985
217.89699829156325,12.944100276451293,5,2.359634861872708,0.6615027789705543,88.80882510447356,0,Rail,Clear,12.589018837661119
178.75252404706916,3.2871409005481507,4,2.9627974598365703,1.2302895487869678,87.26580232595587,0,Road,Rain,19.981433469116276
65.08538330609422,12.72414805168471,4,2.5271646213251153,0.7536351368029615,96.38690623528292,1,Road,Rain,14.359896650851903
191.72048364537002,8.494191455117397,5,0.6669994935714922,1.2070957344043824,105.17430046447448,1,Rail,Clear,15.69205734860489
162.79152188176556,27.53072441845445,2,2.4489482388603134,1.2455780575594373,93.83594012396901,1,Road,Rain,18.92492364991013
341.7126830077403,4.8471100624217245,3,2.1242580505198774,1.2070897604630324,105.42656996994387,0,Road,Clear,21.01620101830972
452.97496344134663,5.0079867964640705,5,0.7244758755673628,2.3650599041717935,123.40358366534028,0,Road,Clear,26.842133227231184
283.34474801075686,17.243990563109282,4,2.0137230712952343,1.9715308011674453,83.12762563402916,1,Rail,Clear,18.838630794053643
157.00659604971676,11.468108065402895,6,2.3770090014188487,0.4042434745498449,94.65188943924923,1,Air,Clear,11.612770648584215
171.95782431807206,11.051172772723607,1,0.9929862831109721,1.1081403295478933,83.35609701406487,1,Air,Storm,14.446726336683097
94.80348270614665,50.15153779455189,4,1.5872791199339418,1.4631822122357119,89.96098225685739,0,Road,Rain,13.63303044379118
107.35814371930068,20.49743176488575,7,1.8562157206097698,0.7263317705199379,96.46388209441056,0,Rail,Rain,15.413904367026177
151.36826503393544,9.994721717160637,4,1.5328817964895993,1.5697999510589078,91.27346602286958,0,Rail,Clear,11.756960997107928
141.5881789314428,2.877574832011635,3,2.6900120073781855,0.80172766986285,106.23973079617605,1,Road,Rain,16.53526399026087
62.31377747769819,9.556049387667656,4,0.9222580135589071,1.3088667849506832,101.81147539748711,0,Air,Clear,7.810327448336087
343.72917836942423,4.399446751249431,2,2.428888881392137,0.6012200851662919,103.5882289675812,1,Air,Clear,13.700885971508686
371.1331173525768,6.040356198512657,1,2.445227981345165,1.2018335652480934,96.31962664440812,0,Rail,Rain,20.751895111375497
337.4753496963227,6.2189526159516975,1,1.620074902231648,2.007195945757154,97.42470415349125,1,Road,Rain,25.686154205816734
378.28607602323956,26.072592357301133,3,1.8486949797524492,2.205235813544466,95.79171342879883,0,Road,Rain,26.071972450705363
527.0394352792933,3.56964929373291,2,0.8839061232823813,1.328322945477357,97.01610724054053,0,Air,Storm,16.08453164071317
96.03892095165449,24.3299842488787,4,0.987893930301635,4.703448686486466,105.0281117344849,0,Air,Clear,7.857161520339001
514.3026488526333,17.8058207194695,2,1.8291620302552942,1.6841659659970973,76.9181117732972,0,Road,Rain,32.89180000908686
129.44496187903707,17.61992870430628,1,1.061701957333729,2.251212392461551,103.45529591837774,1,Road,Storm,16.752074750689804
237.28078245584635,5.828263256282254,1,2.5161634615714736,3.0940547948931716,89.5752332370319,0,Road,Clear,20.258760042855464
51.21337788858405,22.163924086423894,2,2.040545208455061,0.7376623755297824,95.93370831881414,0,Road,Clear,10.086219435783622
118.82621759533859,5.239045922242872,5,0.6414466960110083,1.9931737705858716,81.261605217958,0,Road,Clear,12.933196790132587
287.9985689715085,33.51168105758343,2,1.3946916708457708,1.5570796593682474,95.69593954256078,1,Air,Clear,12.836199040025427
243.96046435221672,26.488297962095707,2,2.646064828420611,2.04405786810275,103.33460839742045,1,Road,Clear,21.609206127489724
127.82496737398685,37.36614081794046,4,1.1936101200840514,2.601321572792956,105.48501228361911,1,Rail,Storm,15.883601763948578
171.9105642171607,13.24866921558934,3,2.2992947218729323,0.6355616066248616,85.76402178927025,0,Road,Storm,18.21049760039767
110.6492823507084,11.461869062280313,1,0.7345003449900915,4.57570242115992,104.90606341528944,1,Road,Rain,15.305037001456348
287.5438626154327,9.350494712160803,3,2.826334134873437,1.3736997775362303,113.67731330756284,0,Road,Clear,20.84147746819263
356.7688111320865,49.454830039834135,2,1.6233642033344844,1.0261248931750913,94.07571952536637,1,Road,Clear,25.314698393615092
96.33664439746464,19.89361770991958,5,1.7289140889793735,0.11003434869800904,100.01095738067701,0,Rail,Clear,12.49349748743626
161.300431116407,4.446476890077979,6,1.9245753280729239,2.9565737652547064,75.1774412058916,0,Road,Clear,15.897144351615264
60.40549310846883,30.97434451217065,1,1.4085808490003124,2.4799089228413074,89.23559133231385,0,Air,Clear,5.850893547453689
188.261864259653,11.12814246550891,4,2.3132132530044043,1.1381435352075644,103.24624260637766,1,Road,Storm,21.86357439891064
222.82547640454206,0.7545427029411149,4,0.5364589142657773,0.22185061578569712,111.46560885047116,0,Air,Rain,6.857065753905523
197.60412267427628,6.970102383576486,1,0.905510669112194,1.4171172655181214,92.80866651068848,0,Road,Rain,16.809212369170282
212.5951292113459,26.476302660910214,2,0.9720522940253175,0.3609789871758242,132.03263286108125,0,Road,Clear,14.680185184058303
150.7880376662127,17.848840152728577,1,2.0883504598319917,2.7547483545151614,103.766675682418,1,Road,Clear,15.86161915354858
153.04877550281807,20.411051020494444,2,2.7265020364386547,1.1103600052882598,84.71971749095003,0,Road,Clear,14.643292711438356
148.61869660768096,30.771417027513476,3,0.6590993537033331,0.5882539316375672,115.44619253492843,0,Road,Clear,9.986856002153878
116.45366340163318,2.379161458893883,5,2.6311464999311296,1.600697664415256,84.9646824282311,1,Air,Rain,15.800630644581355
126.12259326859962,7.042602255204508,3,2.548783989381325,1.7739812806217203,103.94112430477443,0,Rail,Clear,15.552100339784735
216.88982881264488,13.472226641762708,1,0.6915641554049499,1.9268039107022294,88.84910724766141,0,Road,Clear,12.587268050922491
343.936020676464,27.0113535251564,5,0.8580710594472971,0.6222232838370753,83.71078660770765,0,Road,Rain,24.138700623825503
84.81006494003906,5.212163730470614,3,1.3751133105762146,2.5866758506579295,111.54582627452471,0,Road,Clear,10.50609867544963
152.69017615936554,9.94737798386607,1,0.7866740358877379,1.131012822281656,96.88267643864728,0,Air,Clear,8.722252721785235
72.37570774823969,12.837954026728882,6,2.395715337751209,0.15508465285853376,120.70806465472305,0,Rail,Rain,9.737512897703942
117.86527366747423,6.748189689044888,8,1.7601732844112195,1.2359091501361632,87.78479694385064,0,Road,Rain,15.54121210336003
131.01068123354418,12.72820700750436,3,1.5269115207163007,1.2236451803627717,81.284311580311,0,Road,Rain,13.21191238851567
180.32594014528212,11.418615889770942,2,2.3123690631494784,1.2066616727327366,94.2440141890509,0,Road,Clear,16.753452444985896
177.29452882189952,8.32462965224627,3,1.232238432660666,1.6244260214023392,134.68610559679576,0,Road,Clear,14.364702029017979
160.40527985729395,22.12487688306175,6,2.6788285377866514,3.9399614271411836,110.00698728840467,0,Road,Clear,18.82049147605032
206.547134221979,19.436114496986704,8,2.134916846702021,1.26394697670177,106.64671616483881,0,Road,Clear,18.801784276167837
90.6451900445894,22.80956688289041,3,1.366263280113063,1.3838283005093754,107.04327052187094,0,Rail,Clear,11.87858633780652
181.23072650304482,24.205520090868458,3,1.8496817258038245,0.8538175553028785,94.18187870005916,0,Road,Clear,15.108902886307938
248.01523837811112,3.1600998774661075,1,1.1486211902359793,1.2616185151225388,132.7522032843828,0,Air,Clear,10.147110573009689
89.85217042713252,3.5362908239603708,0,2.96245185190417,1.9567368726861138,105.49702508703817,0,Rail,Clear,12.296912303273588
43.49807499246541,20.83799306955143,3,1.5890108166059462,1.9894665007270804,104.37179540302358,0,Road,Clear,10.576558308174059
286.2193039071293,8.967461672122468,1,2.7419353817134398,3.2550708245403004,111.81835539416205,0,Road,Clear,20.77257572147858
74.09372470819582,8.067377501835454,1,2.9450511431866833,0.20410031536928283,84.72108131623544,0,Road,Rain,13.348982922320124
114.07852056131384,7.088327347948264,1,1.839481149934749,2.3960681694943182,89.44783697010165,0,Rail,Clear,11.443079739757382
243.9208547775277,23.360543747965636,6,2.3249889252425384,2.1554350775291566,97.05383331808868,1,Road,Clear,21.287681620461367
86.6765202233803,47.41891128760117,2,1.930616967353021,0.31434240244034395,111.89593862120154,0,Air,Clear,7.901489797904548
275.0172053102107,24.11808459697517,2,0.7289190819518044,3.208076218794918,84.42336384714207,0,Rail,Rain,19.936619184585112
103.28336422470898,8.641255841726128,3,2.8810451315433854,0.38642076146968596,99.19174697155808,0,Road,Clear,12.633468911663897
94.81151577095517,22.54931802751028,4,1.6415911275381616,1.9949709662629536,97.4938057556068,0,Road,Clear,11.593429362764832
72.63905701388533,3.4266007002718752,3,2.735157808903824,0.16159266058737232,81.10737030849172,1,Road,Clear,13.941899345256589
103.91222391961738,10.807883472820754,7,2.1390133648464045,0.583697174440292,93.89282033191735,0,Road,Clear,12.686465536791214
225.2119330156508,2.382818375856557,5,0.7629772275852973,2.0372502044390504,106.50702541807641,0,Road,Clear,16.481557865402387
114.0921236634161,8.981121270392501,1,1.5426324274157828,2.0978068439421675,82.20076425170218,0,Rail,Clear,9.68273272583569
286.8861339987866,14.587742186449029,4,0.9896203867395493,1.170484467779893,116.93601512450752,0,Road,Clear,19.543445174608337
164.4156084890013,53.19339235816614,2,0.9246496612188997,3.4140861464100776,105.61654462518973,1,Road,Clear,16.323021147552307
173.26408785373926,28.48931489571875,3,2.287721859208485,2.004443043086546,104.15207981597689,0,Rail,Clear,17.29702504905329
92.83247905586224,2.4372880698173884,3,0.5750499683036541,2.632005586504936,100.09825693540087,1,Road,Clear,11.814835297836016
311.0841257294045,2.7033101553256054,3,2.915351422234948,1.2119279092278974,86.89213632311714,0,Road,Rain,23.739226437001054
249.17591053636153,6.7880226705082265,3,1.6248084398652107,0.5080388991288304,92.20363779549179,1,Road,Clear,21.04675200519718
245.15430171109912,40.50047722554739,1,1.7243942026468297,0.5029649526823471,104.34225655608545,0,Rail,Clear,12.513554195066101
145.45119191202434,2.5635785587153097,1,1.2485722399278867,1.0114381421152034,92.18013754626304,0,Road,Clear,13.93569942199942
66.18601969875996,7.135137703678864,1,0.7140401820310702,0.6080283610885958,102.26498888091344,0,Road,Clear,5.618635366202129
178.87350957374548,7.102647300012916,3,1.970606695903762,0.5710888596426295,89.2134241690618,1,Rail,Clear,16.769200693127356
219.6942156284074,17.22124106836031,4,1.36188624626357,0.25818391216020914,105.41715895604385,0,Rail,Storm,19.185886009550952
220.96819243284625,22.949206436527373,2,2.060181540111042,1.0656824265256617,106.31296717595085,0,Road,Clear,16.54915988996454
203.9603034763475,19.571926998821493,1,1.8894245195183843,0.251351399511245,80.46773612920398,0,Road,Clear,14.734372397418742
199.02605011402514,15.513928901150624,4,1.0422771170234866,1.0479803648936006,100.80770243801182,1,Road,Rain,18.20926111521061
102.94564968616568,3.2838300782454373,1,1.6541348060190713,0.18441046270401062,81.73998486531586,0,Road,Clear,10.804519979773069
106.34727408085408,13.773661629978172,8,1.2701575234739633,0.9696128740613381,77.66750827531956,0,Air,Clear,8.11895093271915
73.15198474412216,31.36268154225613,0,1.0993102030654116,1.955398568433617,92.87329299385152,0,Road,Rain,9.86017167561196
288.77607995585583,38.54033125680158,0,2.4242608982422555,0.5884135305195703,133.5630107461518,1,Rail,Clear,18.543446056161205
441.46495333455033,16.888841388964153,4,0.5297664799980207,1.6399577244294041,109.30465543629894,1,Air,Clear,12.999834198513048
678.8042756171429,2.463573209208862,1,1.1722071465628123,1.5610156867557827,116.70524852388402,0,Road,Storm,37.79034389067718
186.3288285977997,17.097983762570244,5,1.8277142091799692,0.7453957717611888,107.30099846228433,0,Road,Clear,16.275416159855222
199.3230699924729,11.390851871191012,2,1.6903649710761446,0.23771519668961782,102.46532061163391,0,Road,Rain,16.338799322986336
149.09604574596494,2.9080953030225474,4,2.8504133172989046,2.4059061682851155,110.74469940081211,0,Road,Clear,15.454804146305193
184.59420913785698,4.933394907522138,3,2.60914370314311,0.7403251630970553,92.32514357604981,0,Air,Clear,11.154100533535809
86.44021954140622,5.825789269102932,3,2.3790065679706442,3.720629041682989,105.6461754007693,0,Air,Clear,10.000465834763244
147.2240575246624,20.88890623065448,6,1.7851953331758983,2.322069722178262,114.12517374909801,0,Road,Rain,18.633098423176644
95.34254000534384,37.46447621044051,4,1.572266830960331,2.05002594108995,108.39306066411731,0,Rail,Clear,10.94616572888578
135.548121921424,18.681800203492404,4,0.591423921446989,0.3791156208153801,114.91335958044002,0,Rail,Clear,11.04825411472055
100.87559689517599,21.35926715118721,4,2.5541706240970474,2.059485834264197,102.19120191554394,0,Road,Clear,11.679645238748854
219.76142499419836,12.022861314138144,2,1.5767822604052801,2.8430001359144965,120.3049678219664,1,Rail,Clear,17.354504992152442
235.87208988249915,7.961759782076773,4,1.3024184793066402,1.3924944497380927,97.5012189541925,1,Road,Clear,20.17684589117255
195.7279029863135,19.049694186780883,2,2.016585949860704,1.659032988138478,125.41230916010585,0,Air,Rain,11.664505732759464
106.64301990268002,15.665699323428312,1,2.385344547249357,1.9641829374048372,106.88328906872984,0,Air,Clear,8.950700837728235
69.52359982250123,6.320225599792026,3,1.8076283013318397,3.06677225189602,95.39264493007897,1,Road,Clear,13.154578340704807
237.39796458263,14.9019921436803,1,0.8739579386884793,1.772088018103409,85.85043779044625,1,Road,Clear,19.000347850815054
163.88287110511047,12.637535243618267,2,2.804116176760112,1.9193319169361325,90.30410760315326,0,Air,Clear,9.93862339369877
42.03714903870182,9.884879450216074,3,0.7821237248159492,1.5984070201686214,88.48766000492122,0,Road,Clear,8.386068004624708
177.98911840021015,7.727408617406532,1,2.9239290787418595,3.7954580906723816,98.93536952342582,1,Road,Clear,20.48718663497024
200.19756614778169,16.877520837432005,3,1.6061927548266606,1.4214199449014004,84.71249997144162,0,Road,Rain,16.85866598202591
53.53032983402413,8.160095703425306,5,2.8665579855656866,1.9097067609282268,115.51310138432706,0,Road,Clear,12.21291971180583
221.9783281117646,47.46030569970063,1,2.7866243993448148,3.1942231845651774,101.32867449285195,0,Road,Clear,19.828273091841055
59.911473625552794,18.233732828353133,3,1.515668163725659,0.9186256938676612,100.84179614629234,1,Road,Clear,13.686628238393933
99.08425648822111,17.084058749981875,6,2.500063226313501,4.267306731439102,86.01535805003265,0,Air,Clear,13.432036012859644
60.211856598295974,11.042743409782235,1,0.724431329566914,0.843606499968748,90.77154755691286,0,Rail,Rain,6.194637005144247
92.22981383892183,9.19712227933683,2,0.7068356731795001,0.5961918708680028,73.35559185905585,0,Rail,Rain,8.113884509798618
69.96264732991388,1.860649991881404,3,1.3898915093033906,1.950875210540536,119.41366168572952,0,Road,Clear,8.031001762328035
287.74139010502165,6.699283263178577,2,2.0244627503579213,0.8079069669275687,82.98740027488164,0,Rail,Rain,15.104627256235347
140.61295281950868,2.402771268489574,3,0.5233026745487125,3.6791226645035686,83.89715508320981,0,Road,Clear,10.706155947211577
122.4176245370842,2.3660655386967875,7,1.7879378125243783,5.177624132777949,116.95808070486454,0,Rail,Clear,14.87800041989662
303.2166649261331,4.254089188066247,5,2.93911725937135,0.6164083435263095,104.65077590583687,1,Air,Clear,17.98421063864351
294.4497116087981,29.168488079672937,4,2.6461135715004893,0.5647989239401705,101.44884144952097,0,Road,Rain,24.697903048380326
128.70423096960099,29.07236434545549,2,1.081176549380623,0.5410574279327297,104.08322170470464,0,Air,Clear,5.731380438943208
193.49604948992658,6.83829319972226,3,1.8201719048251872,0.15460621947153488,111.446804479134,0,Air,Clear,8.36468118153465
112.06261509997019,3.2024964848029667,1,0.928521922791695,0.7883340735622382,101.19850380092369,0,Road,Rain,9.281919849600866
154.04808574619372,8.859625079419889,5,1.1581503684074972,2.7591012670595383,81.47758307178609,0,Air,Clear,6.37424758597011
79.10697951218438,20.739660787551,2,2.8075020961931867,2.0224762160729375,108.79827846850664,0,Air,Clear,10.248011666157076
210.177952455681,25.196067987112137,3,2.9944453369025346,1.130977466478901,105.06812651971944,0,Road,Clear,20.017555214291967
309.9834977029052,14.743143780073677,1,1.106402470294617,1.8569478854235895,114.05864016944544,0,Road,Clear,19.2407052713278
279.6010358699943,16.723088481350565,4,1.0301696825196691,0.4088478534997709,85.01081363829418,0,Rail,Clear,13.379922984855941
168.51126511889674,15.553154570132785,4,1.4596483108539353,1.4164799288936605,91.24789722897194,0,Rail,Clear,11.582946738875815
38.79507930807667,2.5995662502928734,4,1.6146410558801125,1.6184056966351776,104.7050666165702,0,Road,Clear,8.38299370605726
108.72463050791222,3.5395509825830596,3,0.7231216690772203,1.5449788293668743,88.66586120149681,0,Road,Clear,11.127729723305901
153.9305123932092,38.49620942873954,0,0.8692716598434851,0.7666731534110816,71.76588996513082,0,Road,Rain,12.314671966680626
63.54216586081315,14.691241124607023,3,1.5620681685590276,0.7417612509199594,102.36796694484244,1,Road,Rain,13.543325613318103
55.69713403888343,1.350272507804802,6,1.0885514201662079,2.1585072237107643,110.7400915972028,0,Road,Clear,9.460622869159149
358.21475887143527,17.46347536451676,1,2.6123369236959935,2.0625183192784746,98.45281814870117,1,Road,Clear,27.06983479586753
261.2439060626885,5.57540195491561,4,2.378866405357031,0.1658999539234564,106.57762152705342,1,Rail,Clear,17.353078469844863
219.65571804462803,26.60649463550882,2,1.8408460772018171,0.16190868689578686,104.84041017181461,1,Road,Rain,18.664505502383122
244.17476701148541,24.677604611782094,5,1.5815732976710035,4.915942639426571,100.12594429115236,1,Road,Rain,22.3875333017608
71.61242712947752,19.931316072617715,2,2.5774695080349783,1.6573022340676375,101.63155788036502,0,Road,Rain,13.859014857999862
90.15150237272526,14.565564961468345,5,0.9149883589348904,1.5486503670456506,116.18965734395478,0,Air,Rain,8.724661521959888
186.66011446247842,31.102498391732087,4,2.718469647168581,0.6383394489713713,88.42899308327644,0,Air,Rain,8.146696298348312
195.33773543736513,33.265824489685116,3,0.6226934584214114,1.0228873441339041,109.2765377474919,0,Air,Clear,8.918303270859804
60.83622550070642,5.709493105684188,7,2.808486154472073,0.8218747703575053,85.82946689618178,0,Road,Clear,14.075708725309642
178.90741885028734,19.776605962489732,4,0.8470251309112196,2.7735442323728074,90.46263744801732,0,Road,Clear,13.761667772942799
155.65698435905514,7.801461664652848,2,2.530247610092922,2.6854067133930615,114.35100777671738,0,Road,Clear,16.58638242584123
274.5563041416739,4.972129415685252,1,0.5451126959857009,1.6776809172478075,85.48202325702987,0,Road,Rain,17.54600217664581
195.90312278914527,33.2463338522235,0,2.537695426021058,1.4912331540795183,97.10090502707145,0,Road,Clear,13.696678407227829
381.2324615460562,22.071254838138582,4,1.9601769328497127,1.897154298398788,128.3361652663277,0,Road,Clear,28.240873333224975
129.16366578856045,15.47695150395314,5,0.5475856273137407,1.4752655478978616,112.3066079237316,1,Road,Clear,13.44846156791434
75.0727508010518,6.223903630834331,3,2.4355243988106166,2.1600050986191714,91.15393644475047,0,Road,Clear,12.384551775505255
375.5987921558409,33.908490350694976,2,0.7538932526187132,3.3975384955207093,93.21009699967698,0,Road,Clear,22.511231705818282
201.9226468760351,5.500961559222559,1,1.8497635647572452,1.26601956542556,97.95860646179743,0,Air,Clear,9.173713129048666
156.21596227760753,4.403499246049517,4,1.3300098510928986,0.6485432311975009,115.7433307724697,0,Road,Clear,13.360951024972167
92.45650704989268,12.666765721519248,5,2.3979206532449715,1.5030233446764365,87.98023428409142,0,Road,Clear,11.822800244462993
130.1162237178121,20.736861560034924,2,2.6330539291816257,0.8535152579211464,87.25397269758037,1,Road,Clear,18.548139270029814
125.81525748344671,9.593955319642983,5,1.6606917525072213,0.5015978623547415,108.56023668255312,0,Road,Clear,13.965366816202177
72.74239156881718,14.389462857539346,4,2.394850533892396,3.0796201494439277,79.8263563926676,1,Air,Clear,13.711176434340315
29.523112050663446,7.773682957325627,7,2.7915623310926243,1.4409086982764765,89.0670741681871,0,Road,Storm,15.012341371164172
123.94420511523434,8.539065990812569,6,2.223001343685787,1.0161380051559805,98.97893222109263,0,Road,Clear,13.286717140082777
247.74040581637377,41.41690452812565,1,1.3049762152353797,1.6094422177520877,99.59415745626077,0,Rail,Clear,15.904873416542163
324.8718248853185,11.759270661387903,2,1.6582801988892526,0.9089833749994821,83.62456123722491,0,Road,Rain,23.04106180860229
280.63514953485856,32.46405669034482,4,1.0749943503349166,3.1443593991810097,104.24488478960777,0,Road,Rain,20.868613804245484
289.87735547958306,2.269782062493223,2,1.6460208490230228,4.8796758797196205,106.64518033519175,0,Road,Clear,19.91297392540211
78.90345171794573,26.979656027710668,4,1.1147261976437448,0.950397794746968,92.0501280875475,0,Road,Clear,7.6540068408768205
188.7414957042147,6.501745637255595,2,2.518124312143647,1.2192550570043068,119.9290877363974,0,Road,Rain,17.701329138590744
220.64475223653594,22.448961538325904,2,2.024793568159521,1.7692448369170801,104.07527282017277,0,Rail,Clear,14.793148466963903
228.80597884850846,6.453319617219229,2,2.0831149642986664,0.4513563127361014,87.94169232194942,0,Road,Rain,19.878729003960697
154.1047087530332,9.05781540251069,4,0.7756582211771186,0.1937537801808915,119.44936655539406,0,Road,Clear,13.313322792186275
175.3119330324099,4.833055109331262,2,0.5036507688716297,2.907431177229169,93.7201073767958,0,Road,Rain,14.43540432889549
275.94336414789564,22.75375000926544,2,2.472966587243882,0.997589742665706,102.14648157187129,0,Road,Storm,23.845712615452225
216.06457924298476,25.309699128508743,1,1.8557660393206892,0.9285152521837186,94.15862532160683,0,Road,Rain,15.874956342759964
239.366694487415,6.6920021334138635,4,2.828883437103712,1.8577102424101637,107.48983719445287,0,Air,Storm,18.37205555803149
120.32864114992653,2.9786471759628195,3,1.8430980974740214,0.6457735087216032,94.22166054635245,0,Road,Clear,11.935643146850325
232.2106458980696,32.1498727965321,3,1.0366963107865956,0.9117523808739197,94.94972422547558,0,Air,Clear,10.34307555362567
173.92878257522275,7.416552618104577,5,2.2461914631408417,0.459256898939912,98.08026829578509,0,Road,Clear,17.575569838057508
260.3468500242307,11.279421925249558,5,2.2524574507818897,0.23844493017022758,93.97659693987978,0,Road,Clear,18.998229217296714
102.9227462796643,5.663148655725884,1,0.6638315104013763,0.9001792287367524,112.8617750614157,0,Road,Clear,7.53159389346343
248.4344206035975,21.22703360183023,2,2.234127243302618,0.6400174890231667,84.90648068651294,0,Road,Clear,22.0165037187117
131.23682291640048,21.60627064917072,2,1.0313205563110501,0.5686716025965327,99.55422788454095,0,Road,Clear,11.915050120197865
249.08381181042603,35.796735741892874,4,1.1363015394646478,1.3783474814094951,101.07358083077229,0,Road,Clear,17.49243723269828
189.46018645193823,27.52681565978545,1,0.5785367406394516,2.3281649177596373,98.50438861687319,0,Air,Rain,11.045828211780341
166.36672719607552,26.23066003858785,3,2.0684305569321664,2.357840415577746,111.61958348080034,0,Rail,Rain,14.89728245755205
135.742335252558,12.115072412386812,2,2.3293234836637695,2.291856228656861,81.952624069961,0,Road,Clear,14.975421165684171
156.62613756326283,10.97100833312444,1,1.076229157876258,0.726445825806258,106.81500692265955,1,Road,Rain,14.396351536764751
124.12914654652526,21.016938541152005,0,2.4813473303826905,1.276002218321382,85.06057302389661,1,Road,Clear,15.167032437010894
133.98455155697712,11.588084341486294,2,2.405078215351645,0.8691305828224151,93.89468176559906,0,Road,Clear,13.32941344346993
212.73404505728365,28.17834142241433,2,1.5244155204236267,0.7341150111738917,83.82771824990229,1,Road,Storm,20.3481723611404
47.623330772950865,5.337432783628943,7,0.6705629055140351,0.7736226540485172,96.0149058967612,0,Rail,Clear,8.030100163876545
247.1521576689309,2.2169053403582133,3,1.2004633186816946,0.5266096045624535,93.0614646882402,0,Road,Clear,15.546718533216634
249.51817961120958,19.286408470271475,3,0.9135728723227455,1.6232433702584057,119.65926156968831,1,Rail,Storm,20.748485394179117
138.29557019557336,8.23678612855269,1,2.897045592817954,2.802880878791016,102.89639683301361,1,Air,Clear,13.1540023590453
178.03869883175045,4.6024477810660445,3,2.5443606604490316,0.8520082789149811,105.27743224175083,1,Road,Clear,15.775457193022838
85.9180001716852,51.06853432486761,0,0.6959411785605261,0.7777532573576775,86.70995719080388,1,Air,Clear,8.52988211045009
204.8175376948048,13.010247511803621,3,1.7836500731068912,0.18760765587497896,108.88092535411494,0,Air,Clear,10.651594694970136
93.3279087365016,3.6332985269734626,7,1.1672158239393244,2.048044049646032,119.65871176451367,1,Road,Clear,17.11786087407933
14.394703804881404,7.422189730773649,3,0.5802949412680221,0.14135310724439246,110.4389100227946,0,Road,Rain,6.084632465117893
317.9052030292755,10.239155818914462,3,1.3057531772229256,1.427408463887184,84.2558490997759,0,Road,Clear,20.924036189940676
79.4502224744342,18.998613608313793,0,0.8189632345349827,0.6738864237249247,94.43029776650303,0,Road,Clear,8.372667413736346
154.58084906414518,7.4554852393422335,0,1.0568300524499137,1.0913618430301486,101.30188133313817,0,Air,Clear,8.453046420177035
182.05787661066216,11.414561642561607,1,1.316351154821298,1.4882543780711814,93.07404189022618,0,Road,Clear,15.27478575625689
212.46139162960074,15.87867685489459,2,1.522226125369592,1.4222604044352027,130.39589023912964,0,Rail,Clear,14.116747547027082
162.95807294738628,18.135410949362946,3,1.67110613298328,2.5746258575177623,94.21268283085742,0,Road,Storm,18.62759956158817
191.5731072575494,12.082319036374209,4,1.8004931784159734,0.15032727886385616,99.47978379134571,0,Road,Rain,17.874415871070237
136.27868594279872,40.97955442374906,5,1.4250019111082817,2.365465881605291,92.79726414988886,0,Road,Clear,14.19668048178855
54.520037102852896,21.388294209815434,3,1.7458739773980676,1.5353631235099816,102.78020456614128,0,Air,Clear,6.444780907784754
159.19011072681963,20.55084888042926,3,1.5446461485465508,2.759523080722156,116.58820019226597,0,Road,Rain,14.01552090368755
229.40837899740166,20.015743813227328,1,2.911097443992385,1.353812618351852,101.3782654333251,1,Road,Clear,20.676387280711584
82.85050853376946,28.328387049098623,4,0.6691021764888387,0.3498210073550837,97.37184094261174,0,Air,Clear,6.631767653025754
183.16558647230318,15.094893999589306,6,1.9648783511213734,1.2112679745236976,87.11307464504938,0,Road,Clear,20.26145966406866
423.6278656744465,5.255574593745921,5,0.9841179284514474,2.0052865125393238,114.5060364204085,1,Air,Clear,15.287055580332904
152.90803329195563,17.507663340355993,3,1.4385946331365311,2.260818391498001,98.27567274303416,1,Road,Storm,19.771609856710352
157.7159832805061,19.156972150914523,5,1.8661645247172851,1.2438385296729757,97.75964458392357,0,Rail,Clear,12.86313526979388
51.148103710754945,31.397797197276308,4,2.399523618556721,1.1299773012185594,71.93275383221402,0,Road,Clear,11.934644489008647
76.17137802910308,4.769767256688432,3,2.94432777947169,1.5162377225571033,98.47340078955853,0,Road,Clear,13.017882886720331
94.01629558489059,5.932598194564952,3,1.7340541578850925,2.5196194128357217,95.18674027161204,1,Road,Rain,14.304189913207372
224.2860488629511,13.338810042876226,2,1.1424477899275705,0.9174677077167781,78.08794707552366,1,Road,Clear,16.24945658862835
86.77330666449893,20.426940039993497,3,2.478938045334191,1.7774638078733347,111.87533716253394,1,Rail,Rain,14.510014507613228
38.25952910867043,3.959072923889819,2,1.053931124618433,4.022770333138299,93.57709096927672,1,Road,Rain,10.752002233058594
202.3622437149823,4.89551448985948,2,1.7696016805444215,5.791933118085568,122.74682653251976,0,Road,Rain,19.286666456020125
99.81130934270412,23.97686918488772,2,2.6167782441239074,2.509614720110857,116.97329847626871,0,Road,Clear,13.910037836148998
52.701121507496005,4.123679031073584,3,1.5094962724019227,1.1033193762848696,91.36115667099476,0,Air,Rain,7.665924834317892
240.09113733713806,6.0081799131434215,3,1.8924444165836871,0.4508597293012578,116.43176382725127,0,Road,Clear,19.55408491177419
126.69430045247165,25.05020256911659,4,0.7988750476843629,1.7107255582744418,119.32650633375081,0,Road,Storm,17.003813040990128
213.37925396840456,20.21348523995201,5,0.6399194336823193,3.44464967105117,93.29157333373732,0,Air,Clear,10.271646595190859
51.31167082521643,7.522965411632061,7,2.9657061768330504,1.245760954810083,87.60807868659072,0,Road,Clear,11.530611230279218
26.89829535268424,18.570546176825466,3,0.9472392302698586,2.7109297388311138,74.1357438516589,1,Air,Clear,9.107031774597559
173.01737907926207,16.062335683269527,3,1.338872592388121,2.5660326531869817,104.5652991890768,0,Road,Rain,16.00738499074477
74.26791214924019,11.714262149793978,4,1.761712217935459,1.3504696660310813,88.32008953008074,1,Rail,Clear,12.035691480873126
171.54770553647955,9.397650372932372,5,1.4361790204935214,2.410508736587095,104.9259151302775,1,Rail,Clear,15.199322320460498
173.76090809959103,18.042183009494853,4,0.7433476500604215,0.49974425382822985,93.18578818409898,0,Road,Rain,12.82462273198051
160.78453052068642,4.489328970766647,4,0.9922853097457575,1.1484814828087881,90.64322090733651,0,Road,Clear,13.085053142278325
288.57670832679946,17.89181723739123,5,1.7336191697582732,1.8537934593907512,93.26210514761573,0,Road,Clear,20.712214072439192
624.518389204598,14.970234001969795,2,1.5970039395302236,1.3260894950565068,84.40219696638127,1,Road,Clear,36.39956046285204
200.28927359427988,15.787112642126772,2,2.4954846094389476,0.5476184141498086,93.25656063546887,0,Road,Storm,20.370159135350384
423.3948866469843,5.770510464460883,1,1.2794698931332382,2.4123026318814826,91.1606479731504,0,Rail,Clear,20.271047161955583
128.86939235615898,31.935637855203822,4,2.8507878005670033,1.8375151602193207,99.8301323397423,0,Road,Clear,15.90779654930322
64.54015985843886,7.545476336023757,5,1.20702589287543,1.5280645791248766,101.25109703422407,1,Road,Rain,12.52408598100796
104.2882908784379,8.597240279481191,3,1.328246644428262,3.102535011297257,87.14589894713343,0,Road,Rain,13.76490966065706
133.74713677126925,11.35177767840724,4,2.8732833231241672,2.4467508134312776,113.20966228731933,0,Road,Clear,15.18211276708984
443.4076637463109,20.179862908895586,9,2.601208444153671,0.1,98.08517639450126,0,Road,Clear,28.58566458136766
166.35072922185213,15.435686607032636,6,1.2924199147082536,1.5470417518039912,118.02927219948799,0,Road,Clear,13.794256771618638
294.6721347835759,2.86187362513479,2,1.488211727752922,1.5121750544237722,102.89298761183288,1,Road,Clear,20.536755017533636
122.16626157455869,12.86626720840074,4,2.6056506882976653,1.0261568280901885,100.82924846624634,0,Road,Clear,12.55778969054575
112.8407309307703,13.704711083558303,5,0.7152235855346039,0.15162214045256506,94.10826279368396,1,Air,Rain,8.007869818364014
49.69379547674995,32.46360028433437,3,1.2366907776427514,0.7022804080261373,107.37807270485101,0,Air,Clear,7.562548763717325
435.45388734646684,10.102588063222127,3,1.8288902446563513,0.11097685389381096,100.40280101394018,0,Road,Clear,27.889748526793323
350.2143755284522,18.94261598898491,1,2.5722604422307485,4.943725562034821,110.30158850947582,0,Road,Clear,26.734951485161908
184.28990042022662,66.78306735648214,3,1.9115416850496818,1.330497130872212,119.25594877070151,0,Road,Rain,16.659861277303452
138.70508886616065,28.756314115327726,3,1.724447118118455,1.925223466650766,91.27776558183835,0,Road,Clear,11.496117695174302
170.18512715633025,5.482913799106289,1,2.905293921632911,0.539552167628177,107.36156294005505,0,Rail,Clear,13.88302245340383
62.64538529867161,22.120952223331948,4,0.7910259853773121,0.174115633091956,107.02139411698533,1,Road,Clear,7.882313751893339
213.14436415819813,17.94677644893166,4,2.4501648142049306,0.9682401600200375,105.49734289910612,1,Road,Storm,23.69682251850285
334.06064679283054,9.83333804092017,6,0.8175871438133173,0.8608255280933937,94.80160984366599,0,Air,Clear,10.325853013755552
343.5308789801821,22.302594335583883,1,2.33206859925983,1.60739987723471,95.04440325501673,0,Rail,Clear,16.200639216130917
51.329591046820774,5.4071390469565515,2,1.857724046406804,1.0036205138131549,92.99341395641187,1,Road,Storm,16.593008144814025
293.131456562332,7.678642421382788,0,1.1616155269264434,5.657031261567347,92.7553952677712,0,Road,Clear,18.958133072227064
62.957072277172145,11.447365016227337,3,1.8583427181043894,2.7935753446763387,89.91850640857052,0,Road,Clear,10.536500127840194
28.656840253122237,9.46480301921209,3,2.698540217632397,3.639708555891062,98.74603257098123,0,Road,Clear,11.287200850169278
299.4007544373888,20.630641012066434,2,1.6804591801419393,1.3368096419890545,90.90617975226515,0,Road,Clear,19.609843041261797
115.92405574004226,12.594935208664692,1,0.5164464146569743,1.5849942818839233,105.22772432615254,0,Road,Clear,10.250019197689946
275.7689378457602,8.699569139285169,5,0.6415140201656262,3.419204737337461,100.68344907392253,0,Road,Clear,18.396512094995604
261.8668004557781,28.431305287254858,0,2.0815924436157287,0.9413035612044877,102.02947093464745,0,Road,Clear,18.97584082351374
243.0889168812811,20.080388316042107,3,2.1948289048018816,1.8548781959666174,96.71813051508906,0,Road,Storm,23.26061289346177
168.93126818841725,3.4838180819784443,5,1.5044372194068134,1.0037042093089554,100.82677952360486,0,Rail,Rain,11.907906174605369
68.1844170629598,3.41449521814853,4,1.1069509678492078,1.9302675204348656,97.03213026158971,0,Road,Clear,9.820371135652982
133.92845782105206,8.751118296103371,1,2.2899164705891843,0.39702109021516485,109.3545169572156,0,Air,Clear,7.413219715305785
346.7593384786565,3.9355553517115958,1,1.2604029363498732,0.8262122275979954,94.6913286486149,1,Road,Clear,21.08584207997047
279.83455751760266,25.38093292436012,7,0.6850289645940906,1.6102583215654864,104.50629362483258,0,Air,Storm,15.281549407968825
138.3774185109591,7.994238282296013,2,1.5240263487593824,1.7535221685944276,84.32354867500234,0,Road,Clear,12.199795353197807
137.3056865715483,18.92555486070932,5,1.8478464878963778,2.2536609611975735,108.54489798326225,0,Road,Clear,15.37718966240448
230.7354315580562,21.903953615181535,3,2.914071993331533,0.4751049530063515,93.28886931999672,0,Road,Rain,20.980747928454
176.3536582283602,1.8850649720017907,6,1.9805542820841846,1.5638146421452186,89.0527432262922,0,Road,Clear,14.304880452026847
142.89185105493527,8.306493555168805,6,1.020800365324752,0.2899286513536376,86.33440439733154,0,Road,Clear,13.636074288376557
219.6660149675714,11.038747135867116,3,2.5804839624734712,1.050060221443495,85.38494264084457,0,Road,Clear,18.730933482943087
215.43667544320837,15.945989750013302,6,1.2287049795126002,1.3707316359200097,94.22234401449775,0,Road,Rain,17.414973263288754
106.19648761311853,24.401380326445203,1,2.8981954589369385,1.2183901148249243,117.98353233688128,0,Road,Rain,14.39510515249279
197.56212594247518,52.571210644652155,4,1.3132806666859942,3.9537419139783583,92.28012571784963,0,Road,Clear,18.598498705203284
207.85171923657526,38.303233610022495,2,2.7737948886440886,1.380468770253616,73.48994581118376,1,Rail,Clear,17.60647879394465
161.23560358230125,12.479045397574861,5,2.6973849204397893,2.0338223949983063,104.38559543866418,1,Road,Rain,23.492835796981474
98.7904047208501,12.364489002636413,1,2.6599818688742656,1.6142582389527147,86.6289214892484,0,Road,Clear,14.78721099355864
131.31288210377144,35.663536294384365,2,0.5984632008981177,1.3136612350436732,109.77769094677195,0,Road,Clear,11.038452803740284
85.69766288357651,13.012276396178184,4,2.624674921119476,1.929791542798871,94.94707889407522,1,Rail,Rain,15.315386877131226
200.73276362223186,8.14919693503781,2,2.303250297379292,1.5089006788838808,96.71190378887259,0,Rail,Rain,15.520795370966352
51.55700866476134,25.669629214498443,4,1.3357456909987901,1.4132299965647248,114.36773024626311,0,Road,Clear,8.452312241371203
366.8885489475202,16.520517694304022,1,1.7252460663893185,1.1276535494874855,107.4127541292207,1,Road,Clear,25.133173286474687
325.2625281403829,3.3598530994050346,4,2.0997876004430207,0.9411206253765411,85.04347539592415,0,Road,Rain,24.41177865502928
210.75688229036882,10.174457438864327,2,2.8588424456396426,0.8369930435008288,86.80889693852681,0,Road,Clear,16.04631023362621
270.5584654610002,4.058953832725671,4,2.450211219341841,1.4153428008686273,78.59764071681232,0,Rail,Clear,18.596114726104897
260.3389497236416,0.7521084639282773,5,1.5712518557379367,1.340705815486415,131.2386515502567,1,Rail,Rain,20.416292860065116
177.98170427637294,41.862115185767564,0,2.1135517660864407,3.350710416682074,89.647512578749,0,Road,Clear,17.064540813101843
145.3774307641335,14.314116842994364,2,0.9646771886095122,0.35442354303895884,114.03775581672737,1,Rail,Clear,11.655832387103095
135.2921447676995,10.482389628486608,5,1.559855989332247,4.159462617107346,93.61270521239433,0,Road,Rain,17.194651232617485
374.4875952901684,8.695098337348515,5,2.478253333256208,0.48782553075742163,87.04173343309847,0,Rail,Storm,26.52940615351298
96.4296755613905,13.202022845614259,2,2.0164742862394793,1.3018942763311612,100.25872931291994,0,Rail,Rain,11.647166064195448
97.70661766919434,8.603743801880068,2,2.458122869177976,1.7667598526669364,96.08002973627877,1,Rail,Clear,13.680867931554378
284.1710374213065,5.574942005542689,4,1.7745418386805576,0.5936277823088559,109.62249619316398,0,Road,Storm,26.19442796679476
269.07772696869574,9.031848630102713,0,1.4503585857370747,0.4770059694513895,109.77260697497499,1,Road,Clear,19.611929272127743
140.15490680383942,33.34282354292791,3,2.356350945219866,1.1919960272988877,92.91830777278867,0,Road,Clear,13.287486833120207
223.96862591311563,25.26774122029526,4,0.7343871461999009,2.0708377014496295,82.72054698793639,1,Road,Clear,19.68223280386864
241.12818961313323,9.041538304261785,4,2.9465170855741967,2.4697942830932007,85.63403139818266,0,Road,Clear,21.675777098422003
65.789062940388,44.69485846273974,3,2.8709344350100854,0.4127536451648288,72.6105044404282,0,Rail,Clear,10.223627653651787
337.08209175822003,12.364161328669802,0,2.7009215155071606,1.1535928496227912,96.70648430095582,0,Road,Rain,22.525119644082316
241.07961896683375,6.7579984375485305,2,2.710695247124114,0.24126046980339014,99.85839581811159,0,Road,Clear,18.91880867459604
213.04406130275814,17.06136650072239,0,1.7776403012535646,0.6065989519569559,86.28606497987063,0,Road,Clear,15.289997117181105
242.15771435405455,36.92326118918989,3,1.7448643011346792,2.9500031252806656,84.83618670821801,0,Road,Rain,18.72479622290377
198.29680168898273,32.285041197459975,4,2.550205428708134,1.694917181164206,99.80699345925322,1,Road,Clear,20.283089913461524
155.63046336283637,7.05435954672543,5,1.2081412805020135,0.6538732502291655,92.41654421768331,0,Road,Clear,13.129888563957339
36.78071729064669,4.587476905078234,2,2.624784448514963,2.762984056599853,97.44485253622335,0,Rail,Storm,13.666503331563906
178.9304586937898,9.731885912097065,4,1.0022005297594592,0.7391960528941639,95.59330181225027,0,Road,Clear,14.480879599231942
61.4721605098027,19.17500758755757,4,2.6977681776948277,1.2797211350535267,102.98476288859625,0,Road,Clear,9.57452280657623
457.5284480511335,22.979159841974752,3,1.8527130494641297,0.18867567486297587,93.21665179323172,0,Road,Clear,25.82418525396987
154.03379045712,29.244513731327096,2,2.6080275691460093,0.6560528880715004,94.13506956440902,1,Road,Clear,16.49020716342359
453.158689940448,14.90840569384039,4,1.7328569589224794,1.5825046495298651,77.41841459406845,0,Air,Clear,16.654257310711316
180.7474118692056,15.275154708834693,4,2.0210804651537746,1.5277968538074447,99.39600923128707,0,Air,Storm,17.813699180181167
112.16625639128169,14.501400505997033,4,2.816965325435189,0.9396342180909705,101.0643018687716,0,Road,Clear,14.273812386152692
331.64404657217995,26.701498092828256,5,1.5455306307702474,1.1841095846089116,97.86760660506971,0,Road,Clear,22.560537580241753
208.04788695501907,23.262598303708906,2,1.0507159701016164,2.1809995473156607,122.94200848610211,0,Road,Rain,13.338566031438134
549.5906703623019,6.835264376780192,2,0.7274508461584718,1.1125968181561168,101.95334442830084,1,Rail,Clear,26.606560702262517
110.31073666300286,21.311719115631497,4,1.9749476591405386,1.769659958102307,98.12227478491617,0,Road,Rain,15.086464461195407
339.4728368464612,25.531596103503613,1,2.02771280085003,0.8167548189738671,105.98973962631885,0,Road,Rain,23.68218783358372
349.6154020919913,26.942052996819363,1,2.0517627733529054,1.2664397018300946,125.35436245201272,0,Road,Clear,21.12356458453856
252.69012387246946,16.534152951921822,4,0.5929153018952633,0.1724423728791707,103.0326765273109,1,Road,Clear,21.029649333419478
351.25313991248316,15.880777472484171,2,0.5685387172634955,0.8681794743595191,73.31819979092828,0,Air,Clear,12.111818330684496
156.21781040654713,12.781200085962814,7,2.7385425501323173,1.378510319896396,105.1847026236944,0,Road,Rain,19.004205700260584
96.1063228512818,13.817892361424361,3,2.2387549580634127,1.2109619268298246,89.44917488344083,0,Air,Clear,10.882762172667938
118.75204960314187,40.227840447153945,3,0.7832930199665962,0.8158784000481923,76.93029777031417,0,Road,Rain,11.994629089640723
173.36728589076145,14.170340554224612,4,0.6865919843531574,0.5423724388803383,120.37073496496586,0,Road,Rain,15.29216033891474
260.1581807903908,7.3187504221298045,2,0.9046425352285785,1.413277523824091,117.77735800394063,0,Rail,Clear,12.156137161976417
100.65080238307272,16.790849484998454,3,2.5172974501522662,1.1795147102422134,89.13786974907853,0,Road,Storm,13.354608450000349
135.36720835924055,22.664661841630902,3,2.3077150693590247,1.645128532324037,89.21642657321073,0,Air,Clear,8.836705364048411
106.05094300945225,26.18291228683805,4,2.096632972478594,0.7185826545385265,101.92200654295698,1,Road,Clear,13.673952888467882
286.80378248382306,5.516799652090174,2,2.1019769677673534,1.9497838348383167,89.3778538984821,0,Road,Clear,19.62720735850833
451.155562061623,34.87493164593903,2,2.6471846664543572,0.467117801549483,98.37911627613167,0,Road,Clear,29.069570962804306
85.33486295236938,22.075150679128424,3,1.3336468459078208,0.3178047008480141,91.44181572839156,0,Air,Clear,6.909686693746267
230.1052872655901,33.56803997936001,3,1.3055750519509597,2.9673107618804826,95.19517223064868,0,Rail,Clear,15.292077537749591
307.3018508925764,3.784567507009,1,1.5635670741798626,0.4950418970566566,83.14773765584495,0,Road,Clear,17.52292436948532
147.852836880207,27.645472626591694,4,2.9741900302320334,1.422523418914004,109.9227799294522,0,Rail,Storm,16.656205734089852
63.927367974734594,5.275900611958568,5,1.887247356506255,1.0186555694352695,114.44546847519788,0,Road,Rain,11.851694114957864
329.9039361437228,10.661007547628667,2,1.8672528376171988,3.0155569641299493,98.79755212991873,0,Air,Clear,12.42149187348376
61.03215863174753,22.57924290586017,3,2.5239844660023456,2.0035051736915817,99.56508995351105,0,Road,Storm,15.338205507527176
384.82237403460147,4.8089829849607355,3,0.9451612485339851,0.3281744499180516,107.5498842236168,0,Rail,Rain,19.837960529720483
104.5805451000667,8.548372647911485,6,1.5135025204588088,3.623231538769303,100.02281373806686,0,Rail,Rain,16.087210111825478
54.51526725557869,3.7152386565604023,1,2.1034060154805947,2.504794814566322,120.75476618600088,0,Road,Clear,9.951261580100116
124.49601315419044,22.164282886291314,3,2.970041921050858,0.9218852490147325,84.20364572347448,0,Rail,Clear,15.975281402030648
165.1143593057514,6.736109353440726,2,0.8861739917451973,0.46245181187726586,110.33130351618209,0,Rail,Clear,10.725453376159155
186.49168023083112,13.496803570494194,3,1.6300669505669054,1.496267038958628,98.62957161877772,0,Road,Clear,16.40779302613573
241.3043469683441,17.971008746443854,2,2.763954505262224,1.5583003731473273,86.54545007586788,1,Rail,Clear,20.56416717585412
196.56896392144833,16.651845612641285,5,2.3138276709886183,0.2083661905868994,126.96506491454875,0,Road,Rain,19.310868195699616
430.6145488154798,15.566264915274267,3,2.034450592987282,1.4190684708754238,128.6224044701896,0,Rail,Clear,21.176145720210886
160.4224322538303,15.544010714288905,2,1.1427709075408736,2.366127910496091,97.50556075086645,1,Rail,Clear,15.408704562469062
202.75884810476902,3.9671817984272923,3,0.9680268354802339,1.3627905199819255,105.33670417650707,0,Road,Clear,14.111268310657525
192.86244979602722,11.129697218307395,3,1.4355307338290864,1.2018663305066293,94.34576484991669,0,Road,Clear,15.580163757871917
49.66496427453138,15.441866959248415,3,1.1377697658966452,1.093577232421368,96.27646188922623,1,Road,Clear,10.475004738803605
74.57788561249478,14.228279771034245,4,2.5211897471492,0.646665670684341,86.41000976258174,0,Rail,Rain,13.825668051250213
173.78896739240685,12.154731391069719,3,2.3017585694829803,2.6984370352766263,84.63685370744263,0,Air,Rain,13.443892893484948
217.35270751151023,7.547414239122555,4,2.587995302210844,0.9640678892959728,122.1297996630731,0,Rail,Rain,15.268268650640813
35.52123602375091,16.38921977128383,4,0.9277057767612491,1.4953410174044794,99.53478539396463,0,Rail,Rain,11.508198800914885
441.7204851608929,18.647998503169045,0,1.2749233959242803,0.3818333062631647,100.6070191226971,0,Road,Clear,25.814785190220018
227.62265029928216,9.506312300039069,3,2.421378657436702,1.169516607236822,90.27378136773176,1,Road,Clear,19.77051522546832
167.93394544030875,26.30714742912412,0,0.9088710414028329,1.8307159986163624,102.27964242727668,0,Air,Clear,6.113925363920878
221.5671029321047,35.360839665783416,3,0.8640126428055437,0.9460544765473635,81.95446993781037,0,Road,Storm,20.37072539203359
119.9734293937727,13.699671759321172,7,1.4576472013444515,0.9680165539146245,90.71513725026345,1,Road,Clear,13.89864267023474
187.69659461087713,6.967015957886357,5,0.9660922198779196,1.2641943866696597,85.60270345619348,1,Road,Clear,17.933660510142275
205.64552294544572,4.753256102973769,2,0.6972566450980104,1.7791669449363816,115.51460942467027,0,Road,Rain,16.910768155249016
332.09770269789027,10.539295160551935,3,1.281936311387481,1.4115335051070095,80.17721963526404,0,Road,Clear,20.350566911311237
151.75795052018321,12.951561958175025,3,2.688998787599577,4.5151374830642705,85.84941403334592,0,Road,Clear,16.552704432074016
62.265595641952515,4.518122870556467,1,0.6413323215990275,2.9695384704409307,75.42892874221235,1,Road,Rain,10.656778160629088
94.42399680907005,10.285652558754506,3,1.9152628018078932,0.8048256094055207,89.31985201602542,1,Road,Clear,12.050899148703262
144.3122503681413,25.376487442870683,4,1.9075097097855993,2.5987982919255375,94.48574822904195,0,Road,Storm,19.02636194594201
67.38851920789537,1.5425698225915396,2,1.8271014019801055,0.20418843068832035,111.73336452470932,0,Road,Clear,9.398263782120642
87.58050953477954,14.350975704484375,1,1.763771807537606,1.0143857980641087,97.33602592636294,0,Air,Clear,8.714097506897623
95.01566591337297,8.505551509997904,3,0.5430911743998241,0.3016793704097349,95.07295709401645,0,Road,Clear,7.380591971843469
138.3170462906325,13.25791528535391,0,0.618627973365899,1.9215981490447813,103.59889748373978,0,Rail,Clear,10.274960722813944
225.9048751666226,36.62469714084103,3,1.7780175316391418,0.946346094986775,94.685162525435,0,Road,Clear,16.008127295981197
134.25599566798186,12.791548014529981,7,2.9207731817826486,0.4366646622809427,128.9188943522906,0,Road,Clear,17.3420735745919
234.80551051816676,11.421313631086354,1,1.5199394512643734,2.2067391702700827,92.90795892085637,0,Rail,Clear,12.383150864594434
168.0285817972433,21.18425918294836,1,1.6808169062335938,0.4956474216140532,104.96454139083738,0,Road,Clear,15.703826692591061
89.61850797097149,16.55218717734442,1,2.9551577883415137,2.06112842209062,109.91746940026775,1,Road,Clear,14.524965556712507
207.6745803434874,14.39665849500701,3,2.447783513589317,1.5300752661191206,92.56343194907032,0,Road,Clear,18.741673630157624
189.12572433272035,16.98576015836284,7,2.4252746177941407,1.0890302284890134,101.98446799169626,1,Rail,Clear,19.124146831181417
238.39356466117383,30.153149804705492,4,1.7618386175994294,2.412164460441856,93.98985457885173,0,Air,Clear,10.355687626419623
266.91811299956134,24.269359147361595,0,2.744781632995852,0.5862996404664637,103.28824969536028,0,Road,Clear,20.78028637883231
338.00295045966845,10.819695172457934,6,1.9529407634826639,0.2425465626410427,101.21109029266465,0,Rail,Storm,22.014815594572003
230.3020885110618,35.3453925264327,0,2.1417433147608893,0.46745081753955975,98.31660411569426,0,Road,Clear,16.468966232322284
185.4423704118495,8.936519668083534,2,2.4688888007305123,4.477021166362159,86.13323732236739,1,Rail,Rain,18.524635584135968
239.02539868995777,14.352429906003852,4,1.516462200262661,0.6536105461898039,122.36433756648235,0,Air,Clear,12.728577760307456
126.01551449628326,15.585884541335567,2,2.883175711357958,0.9044410437354847,107.03679085810916,1,Road,Clear,14.767252409108242
120.14207935099921,10.420559535377263,2,2.9700180821226985,3.421779206464514,80.9363517695039,1,Road,Clear,18.316750335110545
364.0443162960677,32.847056182576225,4,1.9678445801383426,0.9054942642331624,94.95556491994734,0,Rail,Clear,19.27924977356852
117.89983853156728,10.014448338187437,3,1.055138468145556,1.9598475391865227,81.16724765072269,0,Road,Rain,14.257953478571674
96.65726787567196,12.039616021205088,1,2.4372550433135967,3.6837890431103575,109.14497639253916,0,Air,Rain,15.061578739111301
230.23071223949322,26.713783904722685,4,1.3053465086998686,1.7415219799932815,99.73860757030981,0,Road,Clear,16.60291806499963
126.69493857791711,9.207726901356626,3,1.9427587539721756,1.2403323505069395,100.04893330195256,0,Air,Clear,9.563479024346556
265.37362801679,4.341633930548707,2,0.7167588011457955,2.2567341373009095,89.89159328685827,0,Road,Rain,17.865619323350966
324.060762859271,14.657257690733173,1,2.518476762575377,0.1320743565468748,96.21323216483376,1,Rail,Clear,21.64058683549867
105.73555792603939,5.632961251313281,3,2.897717397176693,0.8959610138986037,109.44620920735541,0,Road,Clear,13.186398381841403
246.3233120190679,5.081183085198518,3,0.735553811584118,3.0033429673665903,112.66998582217332,1,Rail,Clear,17.80844557872418
116.09904356020468,1.5875307287980192,4,2.328997651117159,0.6608661280834547,110.15705343933723,0,Air,Clear,8.998128094559888
146.22611184826388,1.8638764185256274,3,2.6520971589118663,1.4065005635342542,81.3739976258068,0,Rail,Clear,16.507083021862645
202.1388437323055,2.0364328762049024,1,0.7737655485387571,1.9763610768285735,97.76660768146375,1,Rail,Clear,10.560317594504728
120.31083062629774,38.44584365135827,2,1.116991173908723,0.9937981507472875,103.03976148733713,0,Road,Clear,11.667194394817226
191.56718543595707,2.027080711839891,4,1.4796781201376317,1.994714185159463,91.18269292778486,0,Road,Clear,15.642914255211055
153.7110959596743,5.505453005015794,3,2.5919008292669656,1.5377945614632371,80.09181127708788,1,Road,Clear,17.557829058911928
268.77900089382234,12.195419856628053,2,1.7335781637576184,6.8785075865013825,84.56043344497495,1,Road,Clear,24.687119649841843
269.1733264503261,20.534981942909024,4,0.8424082563540929,2.2860019040570916,117.99729722442922,0,Road,Clear,18.749962862749616
120.68861162464594,22.02085356632463,6,1.140927647592722,1.5388640826505107,85.70246342392788,1,Rail,Clear,13.840982834149704
204.82207696474757,6.970778926356169,2,1.668444602175169,0.1730840005139785,100.5707283807712,0,Rail,Clear,13.310082070543661
292.39118314009465,14.158693904797092,3,0.5981606153880499,0.7090783574771333,98.1239800598728,0,Road,Clear,20.337956349175062
86.60714004762727,11.924947177572218,4,2.077492672423051,0.5055198010057118,98.15461986722389,0,Road,Clear,7.608098146304289
153.127891937367,13.566095797087824,2,0.5633047410368135,3.3598371862899117,96.16166239818835,0,Road,Clear,15.376191556618164
199.63889118174674,14.935847832517458,4,2.45217836068172,0.4475979110939001,109.46964416141235,0,Road,Clear,20.842089912787888
84.1050000941546,17.927858296308102,3,2.3346273437636915,0.9805976563932468,100.42735502862385,0,Air,Clear,6.948989131475551
129.84769395886846,8.375708447096377,4,2.6635999799316217,1.673141397725804,92.4921440805285,0,Road,Clear,15.168040521613031
405.6698824483626,10.07503977561738,3,0.8942818512578949,0.8226023776223292,100.61612589082235,1,Road,Clear,27.529396589775434
117.67588177747487,51.09935603519455,3,2.0064630273936928,0.9375616791867988,84.66947003427646,1,Rail,Clear,15.069966146710168
126.01600935270626,8.80074594894541,1,2.4525689589668933,1.53886678013549,105.7113351670467,1,Road,Clear,17.875972569043878
54.52314407215497,14.34528849177158,4,1.7893719514759319,0.6605656210054116,91.82839779596581,0,Road,Clear,10.174173119131282
228.76947313783393,12.007436147762146,6,0.8270108175320868,1.4011583891075254,92.5195461667637,1,Road,Storm,19.619410410359816
77.26792851078459,13.932433101587524,3,0.7473140416928193,2.2053695995895626,106.15657044497162,0,Air,Clear,8.937722070490086
155.15993207844878,27.193062780480027,3,2.0147435198531394,0.7509790712232158,95.11220902471892,0,Rail,Clear,13.588208455639908
97.2791064505089,11.487133062171004,4,1.7440190206847788,0.48798459406810113,95.78780614525756,0,Road,Clear,13.393640425608293
191.35348022659218,4.885469805853745,2,2.823900341830376,3.854349511031277,114.01156282377619,0,Road,Storm,20.00207257685046
15.998479221261064,8.25171155598236,3,2.584601927558177,3.891405238152237,88.3217471971332,0,Road,Clear,9.110874768045646
176.09989684923033,11.506963038393668,2,2.3093729791345368,1.1994493706913818,105.98062002055298,0,Road,Clear,15.655646485549497
202.86620359066455,15.291479550241387,1,2.955991901368356,1.3695878563364499,111.39428832785174,1,Road,Rain,22.98550942280127
131.9495000536123,6.99905565961485,2,2.236526708807999,1.360403388615576,114.00276638765975,0,Road,Clear,15.755773299959898
137.13114874784569,7.668360997071089,0,0.7309068342477666,0.8880261167317361,126.11824022610713,0,Rail,Storm,11.000499806023331
121.96071628385967,15.698762764695262,2,0.6939074437684827,1.175495696654244,92.29431713826206,0,Road,Clear,9.777382527249843
153.92477957595568,16.09424500436261,4,2.5396729835248446,0.17699584330269952,89.58477000045842,0,Road,Rain,20.434654865836162
366.7461995267228,24.64818043310493,2,1.4017589590076778,0.3546285958621711,109.8065854169101,1,Air,Storm,16.349423067627054
273.5291757611032,8.167041086846393,2,2.810709466405863,0.9421879836149613,111.28289336640829,0,Road,Clear,21.632792995094828
153.83432276054612,19.183708877743705,4,0.7956185876286868,0.7569890417964582,90.5111842269108,0,Road,Rain,13.027489457020685
129.87649805417374,12.024626240293731,2,0.9969675298381035,0.40894195002833067,105.81765389475538,0,Rail,Clear,9.929612202637392
259.14087246437884,9.153365275658851,3,2.4329187482750503,1.1723827701059104,132.6904823283894,0,Rail,Clear,15.745272758824184
184.17854016049887,12.325803521837154,3,2.6186861043200986,2.036900509016756,101.25597287567757,0,Road,Clear,16.24826502406425
82.69408573526265,13.646308258806927,3,2.6679908607145784,0.6614944868232628,111.08198565897848,0,Air,Clear,9.20366301628835
143.20149595747245,4.403499972082451,3,0.7478481631286797,1.5394299835282088,118.92084862719915,0,Road,Clear,10.92230951050697
345.167930396728,4.739614558872269,3,1.4545057562211732,0.9627166063802494,130.04495379524627,0,Road,Clear,21.289381843188433
223.59563161587832,21.033117992695185,1,2.1159658827579575,2.281057878171825,102.94839557554812,1,Road,Clear,20.69850540663861
130.76355291899281,9.881183637640472,1,2.7969890417039083,0.3249910168733647,115.03640255020663,0,Road,Clear,16.207223376383425
59.16149467685788,15.372145976461296,3,1.0975375776044143,0.46651794572587363,90.53807060486909,0,Road,Clear,7.339933978245118
190.79321507748153,20.60518423620884,1,2.000857208700958,0.9174782392340112,100.29857133368432,0,Road,Clear,13.972105725360333
168.57493542275537,12.381412583289697,3,0.8587982386212668,0.5646268878833783,94.64257030120262,0,Rail,Clear,10.785796663595855
150.9668813321743,19.429373118415178,4,2.3681967785552906,2.7794865777891946,77.3759119942075,0,Road,Clear,15.186314194246606
260.7829447714324,13.710738489950112,1,0.8188111416738859,0.3452412861940708,80.76359472613262,0,Rail,Clear,10.715387042012443
225.18557283868455,14.186710897781358,9,2.9999562211055975,0.8914619365506161,105.16039087395139,0,Road,Storm,26.388226768890867
60.63383523661103,28.68824222154381,4,0.7306672492185996,4.436739756050941,105.39626711179503,0,Road,Storm,14.066164132484957
169.1363081267088,11.390731245174887,5,2.213342890095126,0.31760505826234237,87.50045703928348,0,Road,Clear,15.914842105943855
71.75207271471302,21.199527965895072,2,2.4425970854122068,1.2644811742779307,118.6886243455827,0,Road,Clear,8.661194579806526
123.24692502430212,3.6716039595494885,4,1.144974458641607,0.9776813165785031,86.68022083465561,1,Rail,Clear,11.373855025359173
68.05687824934303,14.97531371971327,3,1.1370716732906003,1.7103876375140825,103.08722751410166,0,Road,Clear,7.396054799694342
69.78416145853006,33.58521288917247,3,1.9903676290000503,1.5853059394542406,95.01712651185635,1,Rail,Clear,12.39625944347646
204.47672719271048,53.474559683470694,1,2.076186462199935,1.510676966074242,101.28337629061146,0,Rail,Storm,18.08211969028081
192.8953810062712,3.8630398932881844,1,2.3013149404144944,2.3914634254919003,110.78239919935426,0,Rail,Clear,14.519918986536899
161.72441662855968,9.842242700023265,2,1.9507349692048144,2.3485342515619045,109.08810419572784,0,Road,Clear,14.06018038763629
116.62092208778884,5.74785915051664,4,0.9361669349260802,0.7488500458157796,108.49410716525746,0,Air,Clear,6.154337403814681
64.56926323185643,11.738315194530957,3,2.810358686635686,0.7244623521387537,106.96186752900059,1,Road,Rain,14.614590558522064
123.60736133420879,23.59192675039687,5,0.9165289392836156,1.9724045996294004,84.72706669908675,0,Air,Rain,10.530432726163973
193.39647114748206,29.3749575530669,4,1.9130962959297078,1.4088875937081276,113.61435557499608,0,Road,Clear,15.934251232362417
190.83177394197202,30.008282935890012,3,2.800007111653205,1.6116377498183476,87.2765380748413,0,Road,Rain,17.890619820924112
341.17825491631424,3.520227975726506,0,2.7824239786283127,1.2791143494962365,98.72759089780018,0,Air,Rain,12.973932085034795
314.1928928216354,13.428697745894025,0,0.919766187026622,0.8408450744550792,95.78407694397448,1,Road,Rain,20.844270118084342
165.56418375816696,8.031196515544108,6,1.0965067393273915,1.9008289449072913,104.20147951147284,1,Rail,Clear,14.31846273570652
122.80022837559072,11.224432659550065,4,2.0046264426487928,0.6343413923484054,94.18341704349352,0,Road,Clear,11.503347995107422
98.8976870376161,8.983769097485876,3,1.3429108326953676,4.501159632664538,98.09787264621804,1,Air,Rain,12.477098545966966
57.621457236496404,3.7061308212242605,8,2.3272080986957073,4.213758875377795,119.42641645971244,0,Road,Clear,15.727999931309014
77.21289780416714,29.5658801058512,2,1.806010802335169,5.1881325724316065,84.45695952179359,0,Road,Clear,12.48094173745562
193.5623973675205,7.058893166056817,1,1.1652251398604725,1.4794509937783609,99.97040281958225,0,Road,Clear,12.33268817995296
234.08859783086905,8.156541895268242,3,1.527594794030857,0.9337901372668007,86.63047402878895,1,Road,Clear,15.88565802051551
138.41185178026237,33.718013349089134,4,2.2277776776955975,3.2339890797129813,108.09219567479913,0,Rail,Clear,16.97954933661506
539.3010470509253,3.072430415812838,2,2.4628533979768377,1.3016152877159772,91.2792542502768,0,Rail,Clear,27.561623486335293
77.72680072474199,17.74638825937574,4,1.423902475361418,2.278927808686118,100.4624372830212,0,Rail,Clear,10.584857461187196
53.595486173913294,25.846603616559346,3,0.7624634584114152,2.26770720366826,84.10402079276611,0,Rail,Clear,9.54222555664207
534.0604266779452,31.972540525628347,6,1.383192518089867,0.6501809639269553,115.49847797433807,1,Rail,Clear,28.216947301017797
62.36295660440221,16.900393570338863,3,2.076176798971259,1.8685885977739642,100.87347900306796,0,Road,Clear,10.829871869324064
137.2543143579799,21.467110823473057,4,2.3995804021160048,2.197618173964585,101.65318617277408,1,Road,Clear,15.856009156616798
104.29404827048613,25.837267916297947,0,2.69914809658996,1.1832228166446654,109.94873945216051,0,Rail,Clear,14.082859202960545
201.92611662610872,11.878235784210672,4,2.904854705646349,0.3507303821147434,84.98309768483715,0,Rail,Storm,18.681210336862144
130.9819222848853,6.22626816011423,3,1.8234104362356582,3.285419310159145,92.61973229504156,0,Road,Clear,13.656661365832349
234.5064256423993,35.39560091022796,4,2.700518607877195,4.434427150339757,102.04064993895777,0,Road,Clear,21.925430414778766
263.7785274027685,19.906287582922896,3,1.1551950440640817,1.3658348959007283,78.85613988150138,0,Road,Clear,18.15536813376594
57.213518774534286,13.417142156654917,1,1.8991292860634121,1.005894563574539,80.14447977768867,0,Rail,Clear,9.274620013645858
96.8023488454632,3.9021474020666234,3,1.848462314661187,0.28943608601521376,90.14485209452995,0,Road,Clear,11.44784043845564
245.99360800712734,1.1965560994731474,2,2.4217353529437453,1.4233584572152829,86.30802828381658,0,Road,Rain,19.07196464178825
293.66893943271026,17.502914618134184,2,2.4328071237556284,0.8808329752307533,95.87363983695397,0,Rail,Clear,17.784602727865167
181.3264544446247,1.0936005775581672,1,1.2133573958073969,0.2881468758338661,106.26918569926653,0,Air,Clear,8.007854249901127
210.57760695687176,13.309166196103524,1,2.714653585174437,2.4150163298000766,108.99856392503477,0,Road,Clear,17.39981649244872
353.30457709721975,7.34111156806985,4,2.7287324583296684,1.9411628288610907,121.71292778122397,0,Air,Clear,17.09657913543328
131.9949361009306,8.965706263419976,5,2.8706038143906456,0.7873158693850573,99.72850667252342,1,Rail,Clear,15.990740233254327
180.16617708180263,30.224416955796528,3,1.6441108187229256,3.8738230216390863,101.85230558042096,0,Road,Clear,19.03933747496314
314.38770162067317,7.40051604512618,7,2.968535810366492,1.225964518488662,99.70143325436882,0,Road,Clear,22.759473215055433
325.4065863216973,13.809408894951977,2,2.4622783269107456,1.385350471979136,103.84321917607792,0,Road,Clear,23.696903800665176
154.62797057082895,7.434439932875545,3,2.1329684555336974,1.0944121123018407,104.7804088998977,0,Road,Clear,13.290812462453063
98.81693295815718,16.36370400549748,4,1.5806449257604513,2.6492124352572386,111.06541311377265,1,Road,Rain,14.90678556982864
153.6017076315341,14.73952184905893,2,2.606078052020626,1.8912297287844078,111.01849901925236,0,Road,Clear,16.89359045779688
162.5572616624335,13.315960891784444,2,2.4103438874371634,0.1748740780059781,106.23235927415136,1,Rail,Rain,15.775326627125983
96.49937843089987,25.90152680469109,1,1.9638956631012134,1.2964505029481508,118.12207385984573,0,Road,Clear,14.964776863631165
105.94907251682949,3.0803652193989524,3,2.992864717516847,2.2529355427830597,100.32108471566627,0,Road,Rain,16.333411745106652
325.65987463136963,2.269091432158118,4,1.123653413985158,0.2889224589091605,92.66118760842905,0,Road,Clear,19.07266604842779
216.1881375277399,4.62611928743765,2,2.1043852282165334,2.236185682209269,94.6234593749461,0,Air,Rain,13.094143910743682
137.6649631371592,14.794193818320016,3,1.3028179138791847,1.922483094871015,98.72998183669311,1,Air,Clear,10.674615893696243
80.98440878561718,18.39303257163713,2,1.6446081008538118,0.5498333609038131,86.99637902760506,0,Air,Clear,8.671799141443389
106.76182813103044,0.5,2,1.347366235359649,1.0648127047757878,92.63958926616252,0,Air,Clear,6.632350562287278
50.48912187089174,18.223311406229307,3,1.3363880131339438,0.4008606924840698,86.32194845917809,0,Road,Storm,12.276403402801035
184.1038501249303,10.037722971515043,4,1.4420652711839375,0.7968281046282941,104.12752313961961,0,Road,Clear,15.136622718574701
103.04375537505877,35.99658661877042,6,0.641698941174998,1.0509390574003248,104.24585318953778,1,Road,Rain,14.33509729759787
192.63684733207646,17.291844351525548,1,0.5996527083698912,2.0478347400925894,78.77301967849164,0,Air,Rain,10.577237451759418
244.57133435496272,33.279473016390504,3,2.3123056554357633,2.3436512552990583,92.15101428109253,1,Road,Clear,19.58313409762543
194.27132736682262,29.226180508003985,2,1.2772713824088942,1.5258058688376508,121.90226615104314,0,Road,Rain,16.345473623201258
127.46370929987712,10.041971411442539,5,0.5530365270586839,1.0143992939098447,107.55736009371405,1,Road,Clear,12.308754320678654
93.3142557143323,23.661897165314898,3,0.7037028914418426,2.1871738639393543,105.45203803654233,0,Air,Clear,5.511872628209131
73.20768160356367,10.024706276969185,3,0.9896231030900983,1.3891611462052573,92.02896091320387,1,Road,Clear,9.986268141636259
308.2152145849255,38.96267990599236,5,0.6205306406251333,1.6539681571892135,103.44739064847079,0,Air,Rain,11.468056705116739
189.40924450216366,10.793977034896754,1,2.8653680109993593,2.4258753557683423,99.82588097934331,0,Air,Clear,11.733808238076756
131.9448207017567,19.01675902053817,6,1.9209022003983094,2.095002718466508,90.4390437044261,0,Road,Clear,15.473546081219977
226.5157897394153,43.78025381404398,4,1.4850609244548365,1.6456754409799126,94.07452617911929,1,Rail,Clear,18.015075220711104
281.0001964231597,19.608856822294626,3,1.8317805846317214,1.8898587762677186,94.34495897513742,1,Road,Rain,23.109863830812827
104.41876048456575,9.212411511843174,6,0.7820502521477888,0.7836688653303738,82.1359208679273,0,Road,Clear,12.976109570671284
186.11321561709366,4.1260756864230155,3,2.254613950027209,0.696154942270665,84.11719281043781,0,Road,Clear,15.289815842467018
188.30178058855546,3.1099335416770217,3,2.923976235581545,4.394146189915436,97.60637460311614,0,Road,Clear,16.55153754794386
344.9533987077109,18.158437387498083,4,0.8266428389478776,0.6634487609779423,89.82402290340299,0,Road,Clear,20.564687200581165
130.81885944291517,12.322822421870796,0,0.8815003064769693,2.443291760767429,96.38898236244731,0,Rail,Clear,9.68120622829035
91.13587198840672,4.706687643054018,3,2.0716584620885916,1.0027569986880271,80.73216590052172,0,Rail,Rain,7.009731634366171
198.10891088192756,21.941233507634834,5,0.8798248183820541,2.037213394648332,109.61591208493078,0,Road,Clear,17.444417951068885
237.1866945156343,21.732131745398288,5,0.8151319706244147,0.15349754909629243,124.96575329824438,0,Road,Clear,16.12497485281514
177.3414490119468,12.155325408750953,5,2.1762095439253497,0.37145996452275654,112.32874719401262,0,Road,Rain,15.601270854294796
358.0217823410122,34.2506542934031,4,2.046643668461375,2.542964253776519,113.56641634192397,0,Road,Clear,23.767157074224652
130.5660856181808,2.52057239492523,8,1.044342527016615,0.25729649186383735,107.5134699760081,0,Air,Rain,10.971681188525396
179.91696564178594,9.500777203462162,4,2.5579473720673156,0.7936334380555392,103.18703009375331,0,Road,Clear,17.90210075472645
60.49067453032317,19.534579466381146,2,0.763127113301489,3.333505248979354,101.03827480792366,0,Rail,Clear,7.46254743253698
87.85218470623154,5.2391584829967375,3,1.3314372481313455,2.345657619636842,89.02568064461353,0,Air,Rain,7.497956591415792
104.84540894258708,23.45330384139266,2,2.3471691095090703,0.9592694044139674,108.2806691323308,1,Road,Rain,16.000933533068324
144.01257157197352,28.273631029643767,1,2.0347530255310318,0.6659443097883796,107.56850138976337,1,Road,Clear,15.777033207685248
67.5243334119967,0.6934480830875209,4,2.0001773828838294,3.6814046882573095,94.4438849646189,0,Air,Clear,10.695739098542003
224.71230231245895,35.01815075375535,7,2.215685322367857,0.7177875742247419,106.31204899493156,1,Road,Clear,20.6885871788744
98.9890305704185,18.70894691594207,3,2.116156812096872,1.6023524528824606,91.6726563965966,0,Road,Rain,13.549329881445727
486.6081872402353,8.610576662051697,1,2.6856768494757097,3.139120401253809,92.43693557645854,0,Rail,Clear,25.584632844897737
101.23872311791123,3.401117006582295,7,1.9219183689249886,1.8100253589218527,109.30126418901997,0,Air,Clear,11.81397928602386
169.20247335103173,25.629223680283687,5,1.5032112059039404,3.144469622571825,105.16632920262262,1,Rail,Clear,18.33457279455195
156.94749968930074,4.473561728280453,3,2.41522331798962,0.9278894406281444,97.21666795916033,0,Rail,Clear,15.417062832419731
83.00111235501011,18.68445310623956,2,1.1480992362372664,0.5029454681491993,95.82800614244924,0,Rail,Clear,9.938063455160714
144.34723930316028,4.655398672024464,4,2.3989800893796254,2.0974316059608413,102.09727299167352,0,Road,Rain,19.14424718860818
143.27540981191055,13.082387057068933,4,1.1999599473413445,2.907608731247599,77.97519341522144,0,Road,Clear,15.33154330577669
263.92293730762213,24.856077299136633,2,1.7009518961274932,1.892615486115868,90.90676698582922,0,Air,Clear,10.542111350776539
202.3761441743094,8.706348671792048,4,2.347983295601528,0.5858028937258982,84.81869064381006,0,Road,Rain,20.499885217803225
222.85438036312175,34.86000030012402,1,2.0691481195538515,5.6793940392759,100.1422368119222,0,Rail,Storm,18.97135536786269
260.708421932648,19.855600678456337,1,0.7142226132399947,0.401548547852579,113.06342152794672,0,Road,Rain,20.37806521044012
224.89395989613226,5.2553417604212695,3,1.6163991922149543,1.4788661117113628,105.72590463373558,0,Rail,Rain,14.23003883530589
185.2189470814495,3.6876797828957573,4,2.529638899920603,3.1294710349297503,93.86202438272018,1,Rail,Storm,22.811113879144195
104.23671906884044,6.6700549848593695,5,2.9919124309280423,1.3723511209170702,91.52083787462023,1,Rail,Clear,17.60812857001045
178.4430481660673,12.608647275766074,4,1.6669949543348348,2.1210801365027243,90.95360322185911,0,Road,Rain,17.698858441145415
92.07576781527226,37.07435503470776,7,0.7148143063877639,0.23608853699360963,123.99540548265841,0,Road,Clear,7.561121531387981
150.96562382138245,41.78179513321018,3,1.4154642759873441,2.0611311660900102,100.81674755811197,0,Road,Clear,12.739874130864456
139.4342914156493,8.430642827996428,4,1.724807494115113,0.554969877530889,102.39701128346618,0,Road,Clear,13.672708603016718
144.80283515696337,8.2099005710357,1,0.6835713207434192,1.4970863489237862,74.6664444891034,0,Road,Clear,11.939746738798426
67.99427870843442,22.23821419225045,4,2.660647458142237,0.3898856681069526,85.82873698727576,0,Air,Rain,10.730147982117105
16.273402889594433,22.111321313270174,2,1.8469777622678132,2.2052843062827483,99.46987741755855,0,Air,Rain,9.193186786593257
124.28140510368344,31.208742661602358,2,1.5402889936034168,1.870475514603676,94.02205516518558,0,Road,Clear,10.499065564077782
294.91820446641407,31.77017716525234,6,1.4929612615274919,1.4831314415446553,101.59669696263595,0,Rail,Rain,21.687171474954297
167.75024552160193,6.260900792936908,1,0.57077134211135,2.59306397471886,101.4385464521826,1,Road,Rain,15.248506692787709
283.07751846785584,2.9644604236329437,2,1.7971890535007398,2.0097656045231553,107.20542696424442,1,Road,Clear,22.927892647366882
92.47197647206862,20.063026260323383,3,1.6889402041279293,0.37696696786133366,77.57006030232608,0,Rail,Rain,12.864068465509302
120.53839382192452,15.388381185954664,3,1.3647131426020418,2.542252871953389,86.73725700117572,0,Rail,Clear,9.682088666737643
502.7625572206134,1.5181686983265734,3,2.146693229764592,2.032527809868603,98.80465206466447,0,Rail,Clear,25.011905273835662
96.11607353472749,2.8873010467332327,3,1.5275806129201226,0.6632807484993011,92.23116150019976,0,Road,Clear,10.751454058470307
220.40222892044923,19.377925898585687,3,1.9294100095967868,1.3257217102335623,96.27666897027295,1,Road,Rain,20.428813528689652
220.20701599666984,11.757984727818021,3,2.7126060619759254,0.8967196721214027,101.30832905612034,0,Road,Clear,19.814875008457392
206.66628198611224,19.694525920905615,7,1.4097167522951597,4.781022820555168,91.06080355418221,0,Rail,Clear,16.154416172980337
221.98117671635902,4.921855778632004,1,1.4948095992213715,0.4942334474864688,102.30724147111992,0,Road,Clear,15.347981379736082
95.22814478870743,20.720613528106632,5,2.664759928167111,0.9334043510333825,106.52781437613726,0,Road,Rain,14.342189590158934
127.95697701081703,16.82301102398522,5,1.3952348255946216,1.2547917846504042,100.78094881717576,1,Road,Rain,19.54824445919952
20.765864222008794,21.809495668709467,9,1.5984072476717108,1.446349291113333,108.64873335179418,0,Road,Clear,9.183281199130848
351.3660112433673,8.943251561186845,0,2.5020305558956535,0.9598849246414046,73.92470339585061,0,Road,Rain,25.20820426816407
221.23007126455332,7.399453963874502,4,1.9796672559785744,1.416564104675789,92.96758056747863,0,Rail,Clear,17.827192883491787
104.92233620459086,3.3953660937285464,3,2.8347146219256603,1.8969834132343437,110.70797090684327,0,Road,Clear,12.596607838929915
93.12884558180042,10.217869637035411,5,1.6766573504305722,0.7235709937321495,89.62776312435375,0,Road,Clear,11.630767009570476
297.7650857838426,27.454865267617997,2,1.6975660209503953,0.9611465645024714,87.99929128426159,0,Air,Clear,9.978208566107154
100.28931106996328,32.72606297949997,1,0.6073209267911976,4.099928146523212,98.48478172113606,0,Road,Rain,9.17763311852624
104.71443580386206,4.512304958075846,2,0.9932579091545417,2.582771671479657,99.79217163068098,0,Road,Clear,9.577398136741634
80.6605271919305,12.601254401381963,3,1.8499982901294774,2.539901609601742,93.58363684513094,0,Rail,Clear,9.980262528524946
244.89823583949072,37.444877488177006,0,0.9677765924278829,0.3591009547934777,122.12288601386388,0,Road,Storm,18.174885776127148
280.77252739358823,40.84705320725257,3,1.6339584892057462,4.547233842730684,103.4378890456347,0,Air,Rain,14.35563780220253
139.94789071855584,9.88191035649111,0,1.2082929503189115,1.2178276968743118,89.16540542661939,0,Road,Clear,11.308632834404712
281.7877796563771,29.12682252455182,2,0.5520333267764317,2.7414969772918365,82.7259107448067,0,Air,Rain,9.652547420944401
196.77553712597793,25.81603946431509,4,1.6877735688472897,1.508109189844241,104.86691850402961,1,Road,Storm,22.61227545965471
77.42790326610775,24.374041034213548,3,2.115674955634462,0.22931868405431866,88.88105509029322,0,Road,Clear,12.487158386024221
337.3386974492832,2.4496568269472903,3,1.3455842411586654,1.0008341436639328,125.83143162895134,0,Road,Clear,22.92526550421255
80.09302521459382,8.006740527868885,1,2.4413174038230325,2.60958285669704,105.13531365086074,0,Road,Clear,11.599556499501224
146.10654832616913,11.55843038677419,0,0.8651348269864962,2.6620330446757423,106.71966365646989,1,Road,Rain,16.413298299072
140.19403041613987,11.296833903150482,2,0.728229338555255,1.5550723859215152,102.98424602246575,0,Road,Clear,10.426522822535837
125.52899884065057,12.495824875023263,6,2.837103735115157,0.4774190043196045,113.45883323088158,0,Road,Rain,16.01192899549809
38.91270426334353,43.826729989895796,0,2.8041413692675285,2.795545685161409,71.25581566672005,0,Road,Clear,11.484489366316614
445.76407802234644,10.160853615637361,1,1.5163606212630971,0.7226324303518705,85.56075959221803,1,Road,Clear,27.30691837687538
43.17213394496149,17.401382027482587,2,1.5498297201197562,1.4981004437724166,112.4096560841856,0,Road,Rain,7.989937393002823
349.0130898637875,16.951285667611206,5,2.6275889494933287,1.9820331226126908,118.00695894205597,0,Road,Clear,26.762941680869993
91.07953663568256,12.618045404742308,2,1.8263027951148993,2.121683864176647,85.17661568586257,0,Rail,Storm,12.827093215349333
111.1874853634981,4.798649883100559,4,0.7927844706679958,1.931646693292121,78.1764260074934,0,Air,Clear,6.948642496171018
330.1923732123428,13.954417303471981,5,0.7871836067950038,0.6274723616893078,102.0102614442037,0,Road,Clear,22.059834150552433
208.96787111778715,1.4806874588386303,3,0.8278268457742393,0.927382479829109,105.82494902503171,0,Air,Rain,10.066871141171784
61.97118606582989,18.686472589112245,3,2.451913010838891,0.6116430570125241,101.76858852613705,0,Rail,Clear,10.413495306771555
61.062580658395945,1.1657200134885228,2,2.0047406639836076,2.241347508011482,99.28445108866599,1,Air,Clear,8.351235236419448
191.68897431858835,17.48874801193613,2,1.2494154777726791,2.0266183473250137,77.77773941671232,0,Road,Clear,13.391592877089725
79.1631624806885,7.64644636896922,1,0.9051835510081236,0.7057437219666702,95.4998783309905,0,Road,Clear,8.560660036882178
214.59457705043602,5.460907232083583,4,0.8086588015849973,2.4805447314800944,97.28918762813005,0,Rail,Clear,14.434966491570833
227.15355142576922,22.48110413296397,2,2.353468771960779,2.4706307138595607,93.42111758184164,0,Road,Clear,19.283808140750622
97.45887134263593,9.21810464120709,4,2.714656424022764,3.0636958357086748,76.97513887727575,1,Air,Clear,13.177380771816766
114.982932391395,13.407962134269637,5,1.8276959666780477,1.975979835461991,107.01683839989744,1,Air,Clear,11.594119519308068
195.3004714084282,2.5492275308926935,2,2.4317752429627477,2.0679523797980344,110.38914977905614,0,Road,Storm,20.725334054083
94.70546812401437,34.36693601296516,4,1.2078210124791062,0.9837966126798952,90.46426527166624,1,Road,Clear,11.165065268044508
167.88763479396454,14.428640744873057,2,1.9641594836352125,1.1830623078875755,97.76834070243646,0,Road,Clear,14.812689037782485
519.6124794268416,14.401522707328377,2,1.5950971196128565,2.863783608364116,94.0370615019279,1,Rail,Clear,25.16570429972792
200.68839098990668,18.981997888920464,0,0.7192354804507307,0.8199189899265209,94.1536928027168,0,Rail,Rain,10.534836570903321
126.61808073845916,0.5513911481674802,1,1.7184169361868948,0.6529802309981159,105.91799062728126,1,Rail,Clear,12.067586601069143
470.9078367091611,36.701532788163476,2,2.616966872497394,2.0830994369380256,106.20782742348558,0,Road,Clear,31.07520268947382
254.80033210473889,9.85837891954687,5,0.6294562945649874,0.18781073378255408,112.89725485525051,0,Air,Rain,10.783566978956172
80.45387365611978,35.248994157669784,3,1.6927649424278888,0.7799155612641049,112.64714824027317,0,Road,Storm,12.52260923715096
90.79203606364234,9.57542381443213,2,2.683157690152588,3.1447692069007234,97.93832688134192,1,Road,Rain,14.272395113976806
47.129396933687374,7.844850576839623,3,2.475179823691609,3.579144637982981,134.10525323335352,0,Road,Clear,11.806950850844101
193.25610828988894,18.055636853986705,5,1.7336249491666234,2.6671365371301583,118.59942349394522,0,Road,Clear,14.745042391103452
33.52724541248104,49.68801320346793,5,0.9283615981592184,1.447677029715063,92.10232076189514,0,Road,Clear,9.602001658346316
470.5871155779239,29.10610999033366,4,2.621315490728749,0.6568230410141287,101.51918543910652,0,Road,Clear,28.526194545131467
136.08916374069645,19.525815671568974,1,0.882836455886554,0.37807960341206615,76.17024004903547,0,Road,Clear,13.6732512631018
263.68948583029817,17.848772593052054,0,1.1920517829927544,1.0444508586197636,100.32709159392326,0,Road,Clear,15.525714181811004
128.64567500902714,13.85503674069997,1,0.8106879786305858,0.38496040668975007,120.08433715079033,1,Road,Clear,12.751989776016808
191.29846937268636,34.187409586835834,2,1.6475227860697519,4.424702891533465,133.3756536444191,0,Air,Clear,10.692235170986853
147.31220454297969,22.886999875404342,0,2.072994819931627,1.0015495456221262,98.54465761162481,1,Road,Rain,16.319259795104326
165.05116415361604,3.317731328923644,2,2.567795777464354,1.1021237225004648,104.01858862039607,0,Road,Clear,15.533854517981156
310.1750742260658,5.492445999255938,2,1.6533440209546408,2.3711247353560823,107.26374434679255,0,Road,Rain,23.428641690167215
394.4580671608927,20.012407226495174,4,2.9268006789629744,0.31951308632319114,123.75644285828088,0,Road,Clear,28.29916175921159
377.5166419417126,4.615559401471349,0,1.9896424686380458,1.126460709657353,88.20430794402947,0,Road,Clear,24.195113888784082
742.1132469828452,14.366219860765032,5,2.011025088187689,1.3581122741648066,131.8661565846323,0,Road,Storm,46.71553515047918
101.51639983436039,24.241690468624668,1,0.9382200740658387,0.39618921644418936,96.19513735878697,0,Rail,Clear,7.147252823527834
202.16202611113275,18.14986018141557,4,0.9752900863002409,0.6159787402920478,85.95815273295358,0,Road,Rain,16.96878870328294
103.04110187924054,3.9253614606540284,3,1.9415653927087506,0.8334655051729177,96.21686555293023,0,Road,Rain,12.30309427452214
303.0617224020411,5.789214357717615,4,2.3021985093885813,2.7378290218230186,90.28473993164351,0,Air,Storm,18.819429218606327
83.10452634468442,18.56785278766148,5,1.0117667191194928,3.5058465302129864,105.03106829950153,0,Road,Clear,11.819667579976137
313.20170016726144,46.13560717382581,1,1.7100441942314837,1.8968578569388264,80.17127034839284,0,Road,Clear,21.991895445973988
180.86867423753918,12.137500335312687,3,1.3905001532704095,1.2811238773509968,101.69968045673089,1,Road,Clear,17.11259844835434
152.40882164848637,24.831389302963192,4,1.5969093902044769,3.150918235327369,107.96762727223731,0,Rail,Rain,15.886212709250037
163.0700087704144,18.26650747661863,0,1.0553273450383838,2.490741945768363,117.79400791011474,1,Road,Clear,13.94106374563363
73.37029921517478,7.576248824734495,4,0.851807160080869,5.321880956763701,108.16727305143549,1,Road,Clear,11.364613791226247
77.6813119462248,25.030059633684054,1,1.3012525726346769,0.2638816458644678,117.0552937479801,1,Road,Storm,15.645610588342885
182.7661961539238,2.4590091453053025,3,2.672291667097885,1.3938580099361153,92.73198792750127,0,Road,Clear,18.61415625181712
182.04034489680072,23.769530473526462,6,2.5130643987719155,0.8721617227819322,104.73028307492973,0,Road,Clear,17.478774948274772
106.0700356457414,19.08760609552496,5,0.7541353342817811,0.31558793770041205,73.24927606646682,0,Road,Rain,12.655514865140706
135.17707510036126,8.222498665130805,2,0.7195212807009019,1.4051453178524063,98.63214449376918,0,Road,Clear,8.695570566766474
212.07068758656027,5.031979426192243,2,1.7323780720476105,4.968918290635397,104.64101538891512,0,Road,Clear,17.421925634641905
94.3703495572809,8.865675850002047,1,1.1934555053486944,0.5219232338624012,105.72679051121315,0,Air,Clear,6.48470876456637
43.00375687614393,7.073613121143318,1,2.5585644875281504,6.62626518645603,81.11107394281211,0,Road,Clear,10.459120434323905
358.42706573802815,10.61796503235674,1,1.7154529489485029,2.5317733904003847,95.31800906919196,1,Road,Clear,23.157951981221935
190.32860456320995,9.66250116418303,8,2.6317693511296625,3.2366630925477065,96.9908739897102,0,Road,Rain,21.5567855933776
118.48362042759732,8.218700146951479,2,0.7704970466059429,3.2205864687361974,94.85109884410784,1,Rail,Clear,11.325423055905455
102.8385349956431,2.3407115794124396,3,2.9251926918211137,1.9045963315395398,108.70007015967461,1,Rail,Clear,14.345105092961846
93.76510534027126,4.348855576770795,2,2.4177533551936152,0.9922313913648643,97.39807078481967,1,Road,Storm,16.81712190316706
302.3881523525469,27.822460936478723,5,2.3296914076650896,0.3823911638167894,101.1919235271829,0,Road,Rain,21.523624141077907
64.96928787213722,8.428460618369762,3,2.8505404030792385,0.5289291718778949,94.12456480877412,1,Road,Clear,13.278349419054141
201.86047621251123,10.785901356353563,5,1.675756850562934,2.088786846443368,112.77789330208101,0,Road,Storm,20.70089651897607
201.7604595128721,9.23001298200848,3,0.8722222851546284,1.0261783466321426,113.67081023577762,1,Road,Clear,15.680464766177046
247.42321983579393,34.71732651650088,2,1.7422518646026903,0.589569246806322,96.29989906673258,0,Road,Clear,17.015683265032678
125.7240987159303,6.922991442316716,3,2.538059598526397,1.6776182285203252,134.20707079842697,0,Rail,Storm,16.100146174156425
341.47592749822104,6.4826051106728135,6,2.6488573974140857,1.8232591608177573,90.80226642720352,0,Road,Clear,26.47912649308856
251.59666840588676,19.3953559704689,4,1.721364264069582,2.3787320875627613,112.08636296656309,0,Road,Clear,19.36912491597036
123.06855018028797,15.225308104280368,5,2.3307555504357342,0.707004977047335,88.58799190495156,1,Road,Rain,14.70743174560199
99.73378647725038,19.786953394085604,5,1.1173817505979695,1.2773424530778508,109.2762909791547,0,Road,Clear,9.602894802033628
147.5610620998226,18.89727951447789,2,1.0763676047746924,0.7250814338304488,108.34004792159715,0,Road,Clear,13.264943658496534
120.49448869781098,25.482269058378893,2,1.9656488809576704,0.44904475917654624,87.85914259177827,0,Rail,Rain,11.133555659630577
89.28503228742973,3.816623968210972,2,1.554377921893999,2.8723630974737535,98.43276442593324,1,Road,Clear,13.108261499464358
167.4389994718879,18.0782319390004,4,0.902631023555243,2.7387429278075146,122.41287335637439,0,Road,Clear,17.13472103306905
135.72856605733608,6.521012489574804,1,2.4034062320709477,0.27480953380440454,90.22838115702258,1,Road,Clear,15.937769749193356
387.07693018201354,1.5785785622451989,5,1.8303686193149051,1.4576451152314198,104.82239184541565,1,Air,Clear,12.844866428334845
120.37173347555895,18.80387296623198,3,1.8009807685413945,3.163431833507829,104.02580663541973,0,Air,Clear,12.35501966013682
99.14658022149781,18.022493952384277,4,0.9732737991991995,2.4375269429364805,99.49260454517827,0,Road,Rain,12.721916064811497
161.00606725058475,12.997352822447143,5,1.102851590664818,0.6400230323971008,79.22643534950973,0,Rail,Clear,12.229838952775625
186.80838519933607,25.793157218401003,4,2.231769710956667,3.4058496100060824,109.9435004117597,1,Road,Rain,21.91494739717768
195.25845773344236,6.569446814724168,0,2.629757706253371,3.1660142608419513,100.13939538242104,0,Road,Clear,18.704531859559186
194.14733363347995,21.052989187184444,4,0.9430303670357844,1.7779513065219943,113.24614807243255,1,Road,Clear,17.162579485932717
164.29508527923838,11.57752749853732,5,2.5308643029854547,1.1333699349314124,102.7810972624338,1,Rail,Storm,18.1893189497588
157.20652992680243,12.294053736967355,2,2.470237917231874,0.6316848136215304,100.77363077916311,0,Air,Clear,10.601207458816205
227.8958137793461,1.8946366177776612,4,2.5372795464383193,1.3969781063850473,104.47049239164845,0,Rail,Clear,14.327944380307546
83.95003369598368,25.975327023358982,3,1.9543595347295777,3.742696243741831,88.14963022667797,0,Rail,Storm,18.0137325695049
99.61040956107756,17.518061488508728,0,1.3796050467268781,0.6539160332835005,118.69727472722414,0,Road,Clear,9.08079643644364
53.642768646605894,20.483403640521235,1,2.427552304047608,3.968773551787933,95.49502788658594,1,Air,Clear,12.24011533700694
84.8751219990855,5.770009960696299,2,1.6998635539300915,2.355026876753084,95.649261588729,0,Road,Clear,10.023840606469655
285.791428994875,16.0596645330909,1,1.0546602035131314,1.396110429491117,115.50755580702327,0,Air,Clear,10.27128315810273
222.40423178702642,11.558098657853662,1,1.5059669003930036,3.1852921273233594,102.96810634608076,0,Road,Clear,17.748809246856837
415.8963520599464,18.19261283021454,1,1.6442921032008726,1.364343132259604,97.16259961844753,1,Road,Clear,26.232115015355575
361.3578927413415,15.516819545964106,3,1.7633628819792484,1.2044315610761513,104.96584112263963,0,Road,Rain,25.243201468269504
223.49495461109737,39.28301910358687,2,2.743908938521962,2.7862519830205885,107.51180894351938,0,Road,Clear,19.886859451665146
175.31704080401317,31.42974555007676,8,1.527912531440671,1.4419189352670543,98.57992447907533,0,Road,Clear,16.540213236196816
162.86218456101966,10.529948137505887,1,1.212027042602549,1.3674679288226796,111.06796102017712,1,Rail,Clear,12.007812570060434
31.847056499373195,18.78784966862989,3,2.9058698942282533,0.854612360483526,84.75334756407064,0,Rail,Rain,14.554582019300456
152.1839954219074,9.830354134397425,1,1.104870477327727,1.1848678197767784,103.14171746865904,0,Road,Rain,14.849464146770524
111.13929748421126,25.319342523089826,3,0.5277907268552302,4.293735290844626,109.60323620987631,1,Road,Clear,15.01481707890684
87.43458887856617,11.946183788652878,1,2.6245525453030636,0.1,107.4615412594098,0,Road,Clear,12.786028847485971
203.2973382523365,8.747897690864214,4,2.8861144269203938,0.6363750544794118,73.10740650790974,0,Road,Clear,18.61434593998265
141.226386424333,15.895126783606347,6,2.2053298686822966,0.7465004163795106,98.48088933355385,0,Road,Rain,15.790372630069003
168.8730156741222,29.80165136175607,2,1.5191241354803022,1.2842225703127825,85.43155704969541,0,Road,Rain,11.66084347980558
78.98137083227024,26.679091003753253,4,1.8593867129857586,1.12457508228913,115.42926045204385,0,Air,Clear,7.289185637550997
257.75143517765486,9.175392074584535,4,2.580003927741641,1.6167877571303955,95.31191317604055,0,Road,Clear,23.723923064608393
120.00766926000743,37.01350323883527,3,2.713350824866488,0.1685635288025389,114.0964462304776,0,Rail,Rain,15.319195319800555
197.07831277642154,6.093014844294231,3,0.7563147167772994,1.5981046478563865,85.39547389896867,0,Road,Rain,15.711777109791468
126.44168260228736,7.878284618042398,4,2.66999179310251,4.2714369462339885,104.68771340878247,0,Rail,Clear,12.87360514445802
27.161105712559465,24.58752993061768,6,2.0433745405407913,1.4407195689708852,100.09528722465636,0,Rail,Clear,10.758405458846623
208.06744616863367,1.593069879152698,1,0.5806963803399918,1.1565987327399694,133.16883112066776,0,Road,Clear,12.801196470290378
146.92769084277126,13.43641871015476,4,0.7712142564259923,1.310540358360419,114.13513225153784,0,Road,Clear,13.330835567228853
50.89872343850551,10.493729438908314,1,0.6138355342842207,1.0360983759635733,113.36661123964957,0,Air,Rain,4.631983609061032
72.49262157784942,38.454527114467595,3,2.871396431463605,2.3538027288120142,124.33369290366971,1,Road,Clear,14.725821549120349
262.04552064865663,5.118445787638521,2,1.5662947566667114,1.7942977035796568,103.40521109518977,0,Road,Rain,20.77994266374055
52.79137699470964,5.670681618406607,3,2.2890390771446274,1.704380929020285,98.80592486741945,1,Road,Clear,15.341878944521683
118.03099965159872,41.97907958644025,4,0.5042933533697778,3.1849125235223923,97.43771344317086,0,Road,Clear,11.048432806846346
436.1982852198592,10.591959748104978,4,2.4829299164388514,2.3713815385575194,103.93379989205386,0,Road,Clear,27.634146698318432
211.176992639222,29.020057708711917,1,1.705088468283291,0.1,70.0,0,Road,Clear,16.7646308245968
241.71447779622778,9.26306832821861,4,2.8090066744066964,1.017826080367611,100.02791449250059,0,Road,Clear,18.26231119366931
133.81286342067713,7.604844437981981,1,1.802243728137976,0.4260312085529293,102.7214984456193,1,Road,Clear,12.346080706038602
47.58161455130346,29.999410228487083,4,2.472000373060124,0.7242347566044218,98.12979427134567,0,Rail,Rain,11.820822820995602
178.54399352673155,48.74771146362939,1,2.0736667284007915,0.8678381228502433,81.62910970456696,0,Road,Storm,21.534483432898224
76.06883351008469,31.56155745714134,4,1.8013461815990446,0.7027466379146776,98.20196096863863,0,Rail,Clear,8.813876395725975
71.02316932369331,8.778372986661818,4,2.870610472171254,2.4465426015360183,81.59560948886293,0,Road,Clear,12.783452014794923
166.5524837080189,12.990201033661686,5,1.7389980553134365,2.1720379711143365,121.28509287396065,0,Road,Rain,17.19369549057198
79.78956634171658,5.909037391080545,2,2.730970912435442,1.0142151362872358,96.91179760638302,0,Road,Clear,11.136210973041932
155.29642600210008,6.8526357252497005,1,0.5901940753371724,2.11410396804467,75.24755136176506,1,Rail,Clear,9.563710088076633
101.78708733019886,6.548199465771478,0,2.1435471131227954,1.9224213171135478,97.52186858115998,0,Road,Rain,13.920323830025582
152.06855488133482,9.447716353904836,5,2.7791539480853635,1.5315432408658758,110.74478063784719,0,Road,Clear,16.86193892470817
113.23297936349304,14.619284161120051,1,2.7481883237156848,1.248280771294627,102.11293688817752,0,Air,Clear,10.529865074497632
154.62580211868837,13.399751250993823,3,1.712634076263376,2.6251061795573016,89.03372710198263,0,Road,Clear,14.634383466252368
344.71649310210364,22.186222538733055,2,1.680242914924201,1.3661812871468113,91.86102178189688,0,Road,Rain,25.66072311030552
244.84246727334354,15.197138545936246,2,2.526283586558099,1.6668746460049968,96.55783306311561,0,Rail,Clear,16.000722946397005
144.38599280152067,20.72871084070037,1,1.3375397127655095,1.5836788994806206,94.72403886397007,1,Road,Clear,13.06693671432474
314.2260183852053,23.07317761409804,4,2.8429035628913613,0.8952703487527274,84.88520630256572,0,Rail,Clear,22.283981003844954
198.7256160964232,8.909071196603616,5,1.1267103013856485,0.8545274473205069,99.18882702819637,0,Air,Clear,6.416018840273744
302.1444247930094,11.755818224998567,3,0.6859945682827993,1.1837350368872612,83.99518918560842,0,Rail,Clear,15.113585122939247
57.21523272101817,82.36921254535315,1,2.4298098815321407,2.4162476553234082,111.38853815058832,0,Road,Rain,12.44820099842154
80.41851742901011,8.305455792543544,3,1.5118106387806238,1.2817518795747074,112.85327018679533,0,Road,Rain,11.25642053751219
177.30961190063505,21.56650175785122,1,1.3894434214083502,0.21767031632179454,87.96175075919967,0,Air,Rain,7.081646837521342
142.21025694530314,4.09084634581139,2,1.3022748869489649,1.7885096742653694,91.40027304293876,1,Road,Rain,14.064460236892208
154.84805695711103,23.535950880343172,8,2.9511055854650974,0.9291242135015217,94.923998378395,0,Road,Clear,19.278848516768445
217.60872549853897,7.18779705863958,3,1.9291916326830396,0.6961548194182803,99.62178646823129,1,Air,Clear,14.432712753798572
178.36155540145418,13.76891192177969,1,2.9797861064969773,2.258517142719603,103.08217292118533,1,Rail,Clear,16.777324646402704
258.28152035381595,3.423439908785812,4,1.3589524708586738,2.2473429791569655,105.55663259009664,0,Road,Clear,17.385988857931228
254.2839772016939,12.7340930767558,5,1.534923096650777,1.5413385713248289,105.27666233761057,1,Rail,Clear,15.77601181076103
83.01109929548319,12.937058533513916,3,1.0294067452716698,1.1181482363690518,118.64638663404806,0,Road,Clear,10.784756067510827
28.015720543065264,11.41187060464764,5,1.5759102908487588,0.9610884272648648,100.72436878781828,0,Air,Clear,9.133708023226978
79.4085251731969,18.319551693893526,3,0.6550133572590386,0.4313182149729903,84.37022182715165,0,Road,Rain,5.566369013437837
75.93065252091516,28.28867960590874,6,0.5013946298324676,0.1,80.68982278192321,0,Road,Clear,5.430213457839914
161.90117385204968,5.64593080226967,2,1.632683690263384,1.017029424404818,119.62944249978476,0,Road,Rain,14.899646899860986
160.6607543828133,11.63361577163686,1,2.36505981148206,1.0351795631563918,106.11587042140019,1,Road,Storm,20.564693101822478
137.0087994581174,2.1112941666227125,3,1.5926629161551351,0.6542740483920174,102.47742797757157,0,Road,Storm,15.09025444947155
203.1832746050616,15.051837004075335,5,1.7950134979085501,3.175272309835968,105.38813735411452,0,Rail,Rain,17.091450349596734
544.3559933865936,5.247335410525892,4,1.6140397389138044,0.901859842475313,101.9232270985846,0,Road,Rain,32.15431119305358
135.1697420646579,13.303353805559606,5,1.8170106998032294,1.5275503674314912,105.19826683741135,1,Air,Clear,12.3681957958564
181.69564486645947,15.505424941649085,4,2.439010119374193,1.7664826953110742,95.52893897731454,0,Road,Rain,17.166060856352622
154.82712519733306,2.571472828569466,2,2.509465726546113,1.9452413901892287,112.66235907564945,0,Road,Clear,15.152496098638895
106.8422692233975,17.278820687274617,1,2.5951451092811766,0.8094197417669353,93.70161706492752,0,Road,Storm,15.097137275282345
218.77389562705307,27.366343834416867,0,1.0310747701740408,1.0943142557813166,89.16055458010699,1,Rail,Clear,13.271647723743769
131.0838307096035,20.19268206248853,2,1.6446111408597923,1.416206957549174,79.70986432151923,0,Road,Clear,10.058560929434321
92.55775502495013,5.772676316899536,1,2.577514240508928,0.8135858661035086,97.14730349216694,0,Road,Rain,12.575242832720598
97.17581399357202,12.66311994863323,1,2.854697549693238,2.972999426776922,115.21003073683197,0,Road,Rain,16.12300492583311
263.56921362908486,13.771818838533168,3,1.8574584560102854,5.539864387782245,94.51179829013864,0,Rail,Clear,18.330166270680493
215.6622043849222,11.808203365114247,4,1.7324999450042708,1.730414776893241,83.45742550019462,0,Air,Clear,10.596073555266923
114.53169923314107,3.8869107239417975,2,2.41148692786865,1.7181340659900781,103.4179370676389,1,Rail,Clear,15.691648633394866
201.25544863151407,6.642493211284991,4,2.979235784006352,2.829825517950429,92.1871864447125,0,Rail,Clear,18.696297451157072
155.92776889156917,10.99869255515224,6,1.5648304958783115,2.426424167003505,118.5792051547256,0,Road,Storm,21.438914224576074
183.54410824169508,15.343682072931717,3,0.9127491955870838,1.3707472318614289,112.89517318495902,1,Rail,Clear,17.168390210363317
105.05311734705624,8.260187970827458,1,2.585767002717364,4.086421614279475,84.74926246150561,0,Rail,Rain,14.341489423254439
77.57070708819508,1.8332390271932062,1,2.2760630211999504,0.8470695861475767,97.91326317737328,0,Road,Clear,8.586157562600473
130.62933380396078,8.696055144706444,4,0.8626894299882031,2.274093531892147,90.93674387719767,0,Road,Clear,11.533952980249778
86.7991615352343,39.24418648432712,2,1.308773241845129,1.08705109846916,86.07394496702658,0,Air,Clear,8.301053549809168
82.54727366935462,17.365082871393042,2,1.883058480575034,1.8792526685046753,99.3287860982823,0,Air,Clear,10.760936568225617
59.65182627498082,15.018737083846172,2,2.3286639008171908,1.0023854575451245,109.81879316574813,0,Rail,Rain,9.431307429088266
28.196541885314065,6.552330057095678,4,2.4516164588876617,3.9984227230681357,99.01951254596851,0,Road,Clear,11.843661206180556
115.82312863205713,9.03558479675698,6,0.889328424574785,2.9251067514735745,93.80618498023483,1,Rail,Clear,12.431413637648596
291.6796201822645,1.6680533350757236,4,1.0418766764178653,1.810783218921033,73.52516180570692,0,Road,Clear,19.027452150955693
251.4753893981426,6.158964200252524,4,2.360306286062614,2.4541136799517917,92.01021616328985,0,Road,Storm,23.703244608602045
373.81231291204614,16.733448719024967,4,0.7902809319352142,0.657189914014118,106.62165713736958,0,Road,Clear,22.790897511204925
80.1611453472174,15.102458090787483,1,1.7454005973114048,0.3613776511005531,83.89670882033718,1,Road,Clear,14.455798010705967
226.96446078752706,7.6083287962940185,3,1.8649803859791751,0.8207846288466695,115.39074541507007,0,Road,Clear,17.816142344435452
143.97481986272874,11.799977754507276,2,1.3483863678140389,3.923248863975203,92.9963816578391,0,Road,Rain,14.695505769551628
97.28337839581408,13.406739058929443,2,2.4908405353172034,0.9993633797232522,102.32463783975516,1,Rail,Clear,12.500549722893844
272.94419765829525,7.964054293683833,5,0.638539526864476,2.5636471824158016,95.21033013426312,0,Road,Clear,18.50117466255919
144.86520682906763,18.0981429916257,2,2.4436112369519916,1.165864970474089,85.88419911493973,1,Road,Clear,15.433985947931284
42.946917078818004,14.897219646221014,2,2.1150818707874715,1.2227455574137545,105.28355265697975,0,Rail,Clear,9.077297592007785
249.94202369491995,9.311970675802776,2,1.768043939183495,1.0108957758671806,92.82384756097828,1,Air,Clear,9.233200252292283
193.26366753525875,4.15699974866654,3,2.6809317436965046,0.9565925194111572,90.00362603154144,0,Air,Clear,11.107952851986045
167.4541781844573,8.763439894827894,0,1.0056160950840325,2.4373442722204275,71.48620872779077,1,Road,Clear,14.792802638518198
69.58352215571377,8.27991468789708,2,2.5019350878108724,0.9688992040112732,115.63224127963831,0,Road,Clear,9.348133076666578
179.21120455083204,7.593926354637501,2,0.9694363519038663,0.9473965408299041,100.07378497970774,0,Rail,Rain,11.764565534246097
345.22976064028006,2.6954395916083924,6,2.976115243057502,1.382853514783581,113.27883265066092,1,Road,Clear,29.3167153769857
190.14392632182387,32.446957374373646,3,0.5819119247245268,1.096229856877654,107.44230888395187,0,Road,Clear,15.358015364831491
53.48994343372241,31.384301799032997,7,1.8829931479451265,0.706460059852519,113.27718901810309,0,Road,Clear,10.293335866401991
198.64450437311635,11.470570218682967,2,0.920042035553273,2.2533446490314843,93.23026221636628,0,Rail,Clear,13.276056816710014
191.30947765212792,15.289948446493042,3,1.5199376661834292,1.6262763201374903,83.53053265718736,0,Road,Rain,14.670314224441515
237.64603915666595,17.871881169954232,2,0.8698666754364033,0.9192126873109392,109.15231450496644,0,Road,Clear,15.331155537564735
188.19391017439014,11.61384555608514,4,0.9845636294763502,0.7082784380136298,101.56238492398862,0,Road,Storm,18.022734241676858
82.73804715463514,16.099785850471086,2,0.6524512718162205,2.8685357591217553,94.40360340495484,0,Road,Clear,11.666211149750929
162.08603500716467,19.72262679922255,1,0.5200088631846274,0.47679038513477323,108.91256089290387,0,Road,Clear,12.793692618201176
132.04094810294598,14.487773380267779,7,2.298264715266665,2.0507296065097536,103.69756714069348,0,Road,Storm,19.73667100561712
173.7665213424143,22.217809999902386,2,1.6336513318654264,0.2084842370611395,107.66726168961581,0,Road,Clear,12.595255878359488
278.6244117095039,7.37503235436435,4,0.6139804629453056,1.487806020430487,87.73126683034863,0,Road,Clear,19.869182698988702
101.58102804905253,12.653182791433728,3,2.8474245472096786,1.519219035616798,111.73139754395464,0,Road,Clear,13.335131540702521
405.63554798295127,64.54693931813625,2,2.164025363656331,0.39953408291891557,99.94443188802161,0,Road,Clear,26.262142259809682
197.89557057939214,25.884916975622016,2,1.160682830083735,0.4323396179921415,113.01844205825037,0,Air,Rain,9.51684096086542
250.75491925504792,14.734732144299477,3,1.5967378678002464,1.558346389154547,111.61903984558911,0,Road,Clear,21.121213977228663
231.77564603901916,5.659210486331122,5,1.7231667072640826,0.4198223583101779,108.23557591065868,0,Road,Storm,20.153436512847907
193.27687428004668,13.153268950192956,9,1.9248195369271603,3.285003189205852,98.66648546629366,0,Road,Storm,24.228378467180992
214.30372167470503,24.70655396199216,0,2.6436256941739056,0.9288632637058559,108.51483067745666,0,Road,Clear,17.15023152922665
8.284555333608722,21.292728325862196,2,1.9747507068353805,3.671432892461698,113.32942664354614,0,Air,Rain,10.860704278124006
231.52543613957536,2.024363758174446,2,2.946815372612158,3.1505871079688923,107.28079438460166,0,Rail,Clear,19.753295695732323
87.1382281346295,2.808782680435214,3,2.3170227232418146,1.2607287859082899,102.43116814908478,0,Road,Storm,12.426223969145337
150.15767945554194,2.952695915049357,3,2.9712929956770227,1.5964167095148993,108.542186131754,0,Road,Clear,15.865327172454636
192.48835747014692,18.077638983922284,2,1.8768728781912016,2.7523501613939185,93.69154605495437,0,Road,Clear,15.377195741770716
285.7088198463239,2.996061394972815,3,2.196122971157724,0.5537368794960255,118.16787459803263,1,Road,Clear,22.762512313168195
87.15580381864429,5.433254412435446,1,2.3447464301616163,0.9979983373507553,79.81807138717389,0,Road,Clear,12.024586822846404
117.65697211089713,11.287398568246543,1,2.3868675864224924,3.6102135331235887,100.41283264973737,0,Air,Rain,11.33406272542875
127.83739899192035,27.565925388738897,3,0.5610740708407274,2.5374572618381084,95.12850497690422,1,Road,Clear,13.042271820255818
175.01920401793544,18.70122589871601,2,0.8186858018378949,1.1428134638779326,92.30929968007376,0,Road,Clear,13.265686726654632
132.78283351843862,10.243367670886883,2,1.0693059650727235,1.6066994790686342,103.6623520019795,0,Road,Rain,11.0864562000909
214.86098588155446,22.66081680705336,3,1.1787362271910453,0.7997493701778335,86.4942927305862,0,Road,Clear,16.077779138304138
44.272233102276175,46.9234228196777,1,2.7634204732383063,1.0675616918596313,125.82318638220772,0,Road,Clear,9.279551482747065
143.01100020363498,13.243173936987167,3,2.306508058681089,2.0279430144263855,83.77473474014685,0,Road,Storm,19.545152288257302
364.2896318132691,3.917821660142694,2,0.8582040263359221,1.0704595112216662,88.58478372097485,0,Air,Clear,8.677787876334754
133.0003542718693,5.611779981536648,2,1.5658875827027,2.2589246284193645,87.45179634844159,0,Road,Clear,12.037005950966819
198.33019658635322,5.562956640105798,3,1.1078038628227065,0.42016162107775873,102.38197739711602,1,Road,Clear,15.239770915070707
261.1001247401474,6.771377946780983,6,2.574659116427024,2.0115986187517008,112.17452927277793,0,Road,Clear,21.286041774405717
194.59447415093473,9.672639498706513,1,2.794492465048889,0.6124589562182108,106.31208286529417,1,Road,Clear,20.62311008749991
425.8971091995344,15.677966650555922,7,0.9107253420339729,1.2338588070548586,117.66813150608785,0,Road,Clear,27.382867445080798
164.3637928515887,3.3337922162943885,2,1.5414269549437762,0.7598523908212464,90.07278345489713,0,Air,Clear,7.71426244336095
221.06296989630937,4.008664730864185,5,2.8820924631329072,2.015428445813827,107.90465755032345,1,Road,Clear,21.42487489467252
179.30944969878402,19.59790278748567,2,2.142723606728973,0.46253517845481346,96.35756037029417,0,Road,Rain,17.599084981395574
323.70176003687317,8.312645355644158,3,2.6702421708573354,2.2777855361405117,102.73688945207887,0,Rail,Clear,18.57634519656185
121.28648124298634,6.117314177712258,6,1.3942343275103857,1.3719439010365893,113.30417311495268,0,Road,Clear,12.91264704955436
445.09675246934853,10.578688158373316,4,1.0242559155914246,1.1539721247487786,79.69275618081569,0,Road,Clear,25.229620586988453
103.21355668628767,30.864709096721707,3,2.2282593224475855,0.8479000616794127,123.89210276202795,1,Road,Rain,15.639227312214688
383.7892902350922,21.53844727546996,3,0.8435658371936725,0.9837945658285531,98.2570720225808,0,Road,Clear,23.84077005144049
80.4897752460898,20.509263510069292,8,2.5997547418156506,3.103648545402258,80.72046991356906,1,Road,Rain,17.593956434313956
225.1579564432804,38.25267401800232,4,2.3870928921385293,0.8335887807843654,91.68582982102676,0,Air,Clear,13.524470440143519
155.92793541808214,16.23067875197053,4,1.2622665875670085,3.1189948331426383,101.2276627847927,1,Rail,Clear,18.197139124235786
258.0459044137375,40.592420665588925,3,1.7467787992974206,3.801837928332169,91.68308743062826,0,Road,Clear,21.36496261695697
201.16940943678736,42.756307469757346,4,2.4979847490484373,1.1338985185505261,75.42528459390975,0,Air,Clear,12.072068316876827
250.17178907815924,3.445258560430841,7,2.837275799431064,0.3611209769202066,101.16158874163266,1,Road,Clear,24.624448254675215
78.60822868463765,2.5184727456930163,1,1.3804012397180692,2.6171267080281524,91.3390052376222,0,Rail,Clear,7.3201491741975495
50.42451312994927,5.227797357504895,3,2.474979545963161,2.5973271245924767,107.81367942622222,0,Road,Clear,13.419220440368685
70.12107361653818,28.812886044560702,0,0.9861677027357083,3.1491042896287107,87.17935167359977,1,Road,Rain,11.414454520607572
68.90640062846924,10.751626273788942,2,2.75885034796641,1.3014499106188284,127.13835461825846,0,Rail,Clear,13.923721155427016
77.9649045416934,9.71114536098062,5,2.2156250254998913,1.7246929848656465,106.163548944788,0,Road,Rain,12.570213825046507
107.70766842421574,23.089656837556998,3,0.8818483001753705,0.9739117837920303,102.36153332113282,0,Air,Storm,11.639898016013232
107.09974640785246,7.961084356507508,5,2.349572304024827,0.9406904237932174,107.47748099835722,1,Road,Clear,13.32795145549331
158.1472901451316,14.722098412677898,0,2.3101441781707015,1.6616708493982004,78.14185197023373,0,Air,Clear,9.536296551197012
91.3136530900835,19.591175398981274,2,2.3557436422927207,2.7693827738329198,94.03650272213558,0,Road,Clear,11.455727453489697
96.134168752517,5.682465329944192,3,1.362193543561702,2.3696208097003977,121.396249248587,0,Road,Clear,9.20650561266881
137.95069181655145,4.539274966625287,1,2.3495006248170895,1.4173051208102576,96.15840771225642,0,Road,Clear,15.25295812595665
278.1904919801983,13.18638696333349,3,2.566425142025143,2.9256454261235483,99.24609019209637,0,Road,Clear,20.388019233220174
119.99179065839985,14.496510252641292,4,1.3678222738527055,0.4732109501189526,94.40200621385375,1,Road,Clear,12.80168935436814
151.92682657055644,21.852851332062176,4,1.0198941664526093,5.897575544649497,117.57409675155219,1,Road,Clear,16.801078843875864
167.00706272287624,5.10484482284101,0,2.719699803732297,0.5209431328076713,97.06438840120957,1,Rail,Storm,19.99231289524184
84.12559657988753,6.956341748169896,2,2.051735162452921,1.3325847217031999,84.97797638514929,0,Road,Clear,12.421316940536745
127.3730265271999,42.475072858142134,1,1.6509679226123741,1.6430863525392394,130.94578147061782,0,Road,Clear,14.260840321952042
101.13243224849636,25.483681227361195,0,2.6993597648499676,1.6884348424369837,83.49971872000286,0,Road,Clear,11.640951646836253
263.4133558667311,11.562485478071581,4,0.8400141089453692,2.7331926377455984,98.83143724645007,0,Rail,Storm,20.964261508586127
251.25020151118304,28.33772545295086,3,2.526461514652438,0.6928048376584761,89.89846836082097,0,Air,Rain,12.402244416254817
94.61397952856319,5.123156517231741,3,1.7270531897082584,1.769606064922834,91.58078703279905,0,Road,Clear,10.374544828446714
150.18152196978,10.532028164659536,0,0.6063106537950784,2.238443385348859,87.28201064060025,0,Road,Rain,11.525657329236603
221.16289621821707,14.404033418734468,2,2.931531714196345,2.999577346925559,93.52009406897112,0,Road,Clear,18.985255954261078
188.53684371318226,9.590689897936596,1,2.445166856872106,1.1243513897347162,111.80839902561003,0,Road,Clear,15.87296130664027
200.42909507146143,9.868976404260701,4,1.0368895596364431,1.5355401933245094,77.17616533319375,0,Road,Clear,14.129341653931743
84.46888588228126,21.083286954786942,5,2.8092389500031665,1.3869113545568958,115.1296909906533,1,Road,Rain,17.337558093174174
375.9802568758109,25.731320688500233,3,2.8383638966394504,2.1644879416866574,113.06077680043572,0,Rail,Clear,18.815382684915004
106.37513526529736,8.774267591687671,4,2.501164000241295,2.1743359521951673,106.10871091609785,0,Road,Clear,14.38292042376548
104.45419256472826,3.64492636114037,2,0.8179260828551878,1.0889160952522685,101.51404573084338,0,Road,Clear,7.88444755770548
64.33210137820458,2.9061469438598566,2,0.9659533330834322,1.3674733958994842,103.31967030188243,0,Road,Rain,8.257614210750779
141.6439941851993,1.4633094572163146,3,2.3850823372606227,1.4430499543306436,117.08094916332168,0,Road,Storm,16.904969120583413
294.8419039242718,37.823837118509786,1,2.7845144261574797,0.600083371000689,79.05058318624785,1,Rail,Clear,21.508289997157004
187.4290025420933,21.145975125331333,5,1.0375453447360503,1.839492400880644,108.72747627802255,1,Air,Clear,12.754139286728662
148.43223053896816,17.95690720332319,6,1.6520695880590002,1.7894092793446514,91.04593656068616,0,Road,Clear,14.830604434689599
240.93120895880296,7.845352511969525,5,0.8869848992061314,0.6055435496708493,109.90897026587251,0,Road,Storm,19.09544823071516
290.7323496591078,7.806790895809698,1,1.6950196070767354,1.9264991546098231,92.63679585952244,0,Rail,Clear,17.50906128616714
250.93318782355635,26.317098637430103,2,2.1063228250868105,6.437862290813495,108.48243953974314,1,Rail,Clear,23.762565751155112
40.00884388569748,2.53180649677849,3,0.5463872210233998,0.760467815316411,81.41817597926801,0,Rail,Clear,5.616336014853698
242.10813139342153,9.092322052502308,1,2.107317979235742,0.6001606992078394,79.68911894248896,0,Road,Clear,15.23843218823424
205.03291134593474,28.966080908893446,6,2.099374819214335,2.219021818562637,98.64324591515708,1,Road,Clear,19.902730791568583
93.25760422652324,9.078974800347709,7,1.6375212171640905,1.0836664246798766,117.2263603150945,0,Road,Clear,13.104845729789599
205.52582659370273,20.382625406717874,5,2.7385056564855326,2.7390215284090917,106.43541305404304,0,Road,Rain,20.41723170169339
295.17558272146226,11.929829966035644,1,0.8370475438001364,1.320022132566218,106.34937355265902,0,Air,Rain,9.435426091100238
109.36622735257549,0.5,3,0.6282795761343083,0.8879814233352201,110.32232576210826,0,Road,Clear,7.973482239313773
261.0837279025948,11.537206963515212,4,1.7395778999366396,1.3040461631977625,95.2362830127105,0,Road,Clear,19.322960729160688
189.84149549175999,13.390118442057597,1,1.832586300205274,2.1739401204846827,107.32898632763134,0,Road,Clear,13.515162910079983
13.588028381288618,10.841393682599932,4,1.1667229656092126,2.123162334880435,93.04392431880498,0,Road,Clear,7.4548408198613085
155.06959799551484,4.329702581965379,2,2.904069266634216,0.42721205071054585,96.231820948553,0,Air,Clear,10.668174419491077
185.45273364095797,10.938478842869413,7,1.134318099957874,2.169596928449722,97.72180592207441,0,Road,Clear,15.629515074078904
130.51852424316806,1.5893985242170452,4,1.1754045718328197,1.4739045586789667,93.45366748519152,0,Road,Clear,10.551255344114661
193.98605494238143,9.0005503311466,3,2.5274661370530165,1.563324993998343,99.20739345922419,0,Rail,Storm,20.085888451439217
145.19090596706818,21.55844223753593,7,2.8070591895719126,1.8404454279767717,96.94530280922729,0,Road,Clear,15.553699625990292
495.5036779345602,36.42933698441663,2,1.840349365012149,0.5905139413970575,91.50802022189526,0,Road,Clear,29.312039991051584
124.88757511426567,32.421330313613005,5,0.5476349673664109,0.4109565192542037,98.31277948399152,0,Road,Clear,11.998410718759517
95.01902562829802,4.9957116757173745,5,1.3885872063896507,0.44086137260595176,101.8631930547439,0,Road,Rain,12.160838351121669
253.6423752179976,3.048459426568063,0,1.0598495715395644,2.626624811845483,86.80162852547998,0,Road,Clear,18.470849333734044
134.91779595296117,14.40730180513258,2,1.7775451183366384,2.611976250314171,105.00947692495777,0,Road,Clear,12.132223934793117
149.95108577901559,12.728773387773929,2,2.206429473171949,0.13907435236525073,94.07583857207588,1,Road,Clear,14.650410915066963
142.2777562870687,19.314915092201478,4,1.4810907135200309,1.3652274407556817,102.3784452942898,0,Road,Clear,12.894710242523175
245.72748433825774,7.288771073457491,4,1.843399951814808,0.9526684301958451,92.01643311998005,0,Air,Clear,15.795629817810898
77.55595666217914,13.033131777504588,3,2.3996507860305787,0.6566080369729561,112.60594484002415,0,Road,Clear,12.124634784264117
260.7871738889695,12.496487837717666,2,1.1153675211829157,2.9762578540313136,111.47338852622866,0,Road,Clear,19.352469601510727
214.7873455856449,9.261277350658828,2,0.9899197456594007,3.373564469823812,87.40733473259493,0,Road,Clear,17.16820865395656
406.34819289062887,2.330772845196168,5,2.514087367067954,1.6175456684639546,106.29999003881747,0,Road,Clear,27.44270276728427
177.05307612558303,21.333305864857287,1,0.5925590596020878,0.9079213171116388,117.35525869054982,0,Road,Clear,13.674480152597077
81.47034744386903,14.482520249568278,4,0.8764914592764126,1.0402875701441239,88.62185545430327,0,Road,Storm,10.334525051922078
178.20505475818422,22.401045076021994,4,0.5308918636556763,0.5658390915142153,89.5725476877029,0,Road,Clear,13.390296186209484
191.3547581260733,26.30164282278896,5,1.888461983639767,1.027259556876676,108.82071342153168,1,Road,Rain,20.60279266654137
309.58933397203293,11.656417078488035,4,2.000214329518421,0.7305238761605297,84.31385829569282,0,Road,Clear,22.930869313576988
81.33197524894439,21.430022776206865,2,1.8275767359237594,3.228986274021361,90.6698446900946,0,Rail,Rain,10.531629615830386
53.52699779321482,37.009375931475496,3,1.5356725732757006,0.28110049193299,87.8240171841456,0,Road,Clear,7.286120625159561
180.4073679935522,45.209017316491625,5,1.8225728085461603,2.4282893551325713,108.96981153748973,0,Rail,Storm,17.108216989528177
416.2146341377404,15.838839748539995,3,0.9848445037899065,0.6906929700167543,91.69084289461297,1,Road,Clear,27.00396503867594
233.00706236182174,16.775182084549535,3,2.565606812090392,2.1562042862757584,96.58475914207908,0,Road,Clear,20.417802160983083
240.77807203745343,15.639268328372582,3,2.9519325092656894,1.2635322341827955,91.02010913536091,0,Road,Clear,18.82982717615326
63.12097880073581,18.82289017542846,1,1.8515572066151362,2.4541401425959983,113.78216200850639,0,Road,Clear,12.922427353318614
163.11276175748054,25.50916150635653,4,1.4358888457959735,0.46046748265147097,89.68735649759125,1,Rail,Clear,14.586228745608127
312.88997930469793,15.393412746449222,5,2.479456791397928,0.8756722340573635,83.10879933220832,0,Road,Clear,23.191582700277845
192.68708676402537,43.47359183427531,4,0.982679827710488,1.0897102468200934,82.6384916718099,0,Road,Clear,14.651614874544693
50.80719182503096,39.40271520530706,1,1.3019339152395881,1.4631725638106703,108.323915615018,0,Road,Clear,9.585123609863274
161.16987623083287,13.362919747340152,4,2.8499514585883157,1.4473562079503104,109.1903815179662,0,Road,Clear,17.362425197590824
223.73220106316793,13.300370123194366,3,0.9657354315448394,0.5611417864890693,114.98265468941923,0,Rail,Rain,16.686834278709924
7.785091181128082,8.688488783492641,1,0.7802889445914556,0.43084639428129007,84.86832020065292,0,Road,Clear,2.7316323283937827
150.75697108075113,19.568730637944913,2,1.8658842391113084,1.1414155031318591,97.2254542709056,1,Road,Clear,13.719658333295722
88.29126312416074,9.947730306416908,1,1.9685433417068958,1.3283581335830723,129.12759289167383,0,Road,Clear,9.725701013998497
